58,5000000000,2019062406,72.0,66.0,999.0,23.0,21.0,999.0,999.0,9.0
59,5019000000,2019062406,69.0,84.0,999.0,21.0,20.0,999.0,999.0,9.0
60,5019099000,2019062406,69.0,84.0,999.0,21.0,20.0,999.0,999.0,9.0
61,4300000000,2019062406,76.0,56.0,999.0,28.0,22.0,999.0,999.0,9.0
62,4400000000,2019062406,78.0,65.0,999.0,30.0,21.0,999.0,999.0,10.0
63,4500000000,2019062406,76.0,72.0,999.0,28.0,21.0,999.0,999.0,9.0
64,4600000000,2019062406,73.0,77.0,999.0,25.0,20.0,999.0,999.0,9.0
65,4700000000,2019062406,74.0,64.0,999.0,28.0,20.0,999.0,999.0,9.0
66,4800000000,2019062406,74.0,66.0,999.0,26.0,20.0,999.0,999.0,9.0
67,2600000000,2019062406,73.0,66.0,999.0,25.0,20.0,999.0,999.0,9.0
68,2700000000,2019062406,74.0,60.0,999.0,28.0,20.0,999.0,999.0,9.0
69,2800000000,2019062406,74.0,72.0,999.0,27.0,21.0,999.0,999.0,9.0
70,2900000000,2019062406,76.0,75.0,999.0,28.0,21.0,999.0,999.0,9.0
71,3000000000,2019062406,77.0,63.0,999.0,30.0,21.0,999.0,999.0,10.0
72,3100000000,2019062406,72.0,61.0,999.0,24.0,21.0,999.0,999.0,9.0
73,3600000000,2019062406,77.0,60.0,999.0,30.0,22.0,999.0,999.0,10.0
74,4100000000,2019062406,76.0,72.0,999.0,29.0,21.0,999.0,999.0,12.0
75,4200000000,2019062406,74.0,74.0,999.0,26.0,18.0,999.0,999.0,8.0
76,1100000000,2019062406,74.0,65.0,999.0,28.0,20.0,999.0,999.0,12.0
47542,5000000000,2019062506,72.0,67.0,999.0,24.0,22.0,999.0,999.0,10.0
47543,5019000000,2019062506,70.0,82.0,999.0,22.0,21.0,999.0,999.0,10.0
47544,5019099000,2019062506,70.0,82.0,999.0,22.0,21.0,999.0,999.0,10.0
47545,4300000000,2019062506,71.0,56.0,999.0,24.0,21.0,999.0,999.0,9.0
47546,4400000000,2019062506,73.0,70.0,999.0,25.0,23.0,999.0,999.0,9.0
47547,4500000000,2019062506,74.0,63.0,999.0,25.0,23.0,999.0,999.0,9.0
47548,4600000000,2019062506,72.0,69.0,999.0,24.0,22.0,999.0,999.0,9.0
47549,4700000000,2019062506,72.0,67.0,999.0,25.0,22.0,999.0,999.0,8.0
47550,4800000000,2019062506,72.0,67.0,999.0,24.0,22.0,999.0,999.0,8.0
47551,2600000000,2019062506,72.0,66.0,999.0,24.0,22.0,999.0,999.0,8.0
47552,2700000000,2019062506,72.0,67.0,999.0,25.0,22.0,999.0,999.0,8.0
47553,2800000000,2019062506,71.0,64.0,999.0,24.0,21.0,999.0,999.0,8.0
47554,2900000000,2019062506,74.0,66.0,999.0,25.0,23.0,999.0,999.0,10.0
47555,3000000000,2019062506,73.0,57.0,999.0,25.0,23.0,999.0,999.0,9.0
47556,3100000000,2019062506,72.0,58.0,999.0,24.0,22.0,999.0,999.0,8.0
47557,3600000000,2019062506,72.0,59.0,999.0,24.0,22.0,999.0,999.0,9.0
47558,4100000000,2019062506,72.0,64.0,999.0,25.0,22.0,999.0,999.0,8.0
47559,4200000000,2019062506,69.0,70.0,999.0,22.0,20.0,999.0,999.0,8.0
47560,1100000000,2019062506,70.0,57.0,999.0,24.0,20.0,999.0,999.0,9.0
47696,5019099000,2019070906,74.0,75.0,999.0,24.0,23.0,999.0,999.0,6.0
47697,4300000000,2019070906,70.0,52.0,999.0,23.0,21.0,999.0,999.0,6.0
47698,4400000000,2019070906,71.0,61.0,999.0,23.0,21.0,999.0,999.0,6.0
47699,4500000000,2019070906,72.0,62.0,999.0,24.0,22.0,999.0,999.0,6.0
47700,4600000000,2019070906,71.0,64.0,999.0,23.0,21.0,999.0,999.0,6.0
47701,4700000000,2019070906,70.0,73.0,999.0,23.0,21.0,999.0,999.0,5.0
47702,4800000000,2019070906,69.0,57.0,999.0,22.0,20.0,999.0,999.0,7.0
47703,2600000000,2019070906,71.0,70.0,999.0,23.0,21.0,999.0,999.0,8.0
47704,2700000000,2019070906,70.0,69.0,999.0,23.0,21.0,999.0,999.0,5.0
47705,2800000000,2019070906,72.0,54.0,999.0,25.0,22.0,999.0,999.0,7.0
47706,2900000000,2019070906,73.0,66.0,999.0,24.0,23.0,999.0,999.0,8.0
47707,3000000000,2019070906,71.0,56.0,999.0,23.0,21.0,999.0,999.0,6.0
47708,3100000000,2019070906,70.0,65.0,999.0,22.0,21.0,999.0,999.0,8.0
47709,3600000000,2019070906,70.0,55.0,999.0,23.0,21.0,999.0,999.0,6.0
47710,4100000000,2019070906,71.0,51.0,999.0,24.0,21.0,999.0,999.0,7.0
47711,4200000000,2019070906,69.0,61.0,999.0,22.0,19.0,999.0,999.0,9.0
47712,1100000000,2019070906,71.0,49.0,999.0,24.0,21.0,999.0,999.0,7.0
47713,5000000000,2019070918,72.0,999.0,999.0,23.0,22.0,999.0,999.0,999.0
47714,5019000000,2019070918,73.0,999.0,999.0,23.0,22.0,999.0,999.0,999.0
47715,5019099000,2019070918,73.0,999.0,999.0,23.0,22.0,999.0,999.0,999.0
47716,4300000000,2019070918,71.0,999.0,999.0,24.0,21.0,999.0,999.0,999.0
47717,4400000000,2019070918,72.0,999.0,999.0,24.0,22.0,999.0,999.0,999.0
47718,4500000000,2019070918,74.0,999.0,999.0,24.0,23.0,999.0,999.0,999.0
47719,4600000000,2019070918,71.0,999.0,999.0,22.0,21.0,999.0,999.0,999.0
47720,4700000000,2019070918,70.0,999.0,999.0,22.0,21.0,999.0,999.0,999.0
47721,4800000000,2019070918,70.0,999.0,999.0,22.0,21.0,999.0,999.0,999.0
47722,2600000000,2019070918,69.0,999.0,999.0,21.0,20.0,999.0,999.0,999.0
47723,2700000000,2019070918,70.0,999.0,999.0,22.0,20.0,999.0,999.0,999.0
47724,2800000000,2019070918,73.0,999.0,999.0,26.0,22.0,999.0,999.0,999.0
47725,2900000000,2019070918,73.0,999.0,999.0,24.0,23.0,999.0,999.0,999.0
47726,3000000000,2019070918,72.0,999.0,999.0,24.0,22.0,999.0,999.0,999.0
47727,3100000000,2019070918,69.0,999.0,999.0,21.0,20.0,999.0,999.0,999.0
47728,3600000000,2019070918,70.0,999.0,999.0,23.0,21.0,999.0,999.0,999.0
47729,4100000000,2019070918,74.0,999.0,999.0,26.0,23.0,999.0,999.0,999.0
47730,4200000000,2019070918,69.0,999.0,999.0,22.0,19.0,999.0,999.0,999.0
47731,1100000000,2019070918,70.0,999.0,999.0,24.0,20.0,999.0,999.0,999.0
47732,5000000000,2019071006,73.0,56.0,999.0,23.0,23.0,999.0,999.0,4.0
47733,5019000000,2019071006,73.0,65.0,999.0,23.0,22.0,999.0,999.0,4.0
47734,5019099000,2019071006,73.0,65.0,999.0,23.0,22.0,999.0,999.0,4.0
47735,4300000000,2019071006,70.0,52.0,999.0,23.0,21.0,999.0,999.0,5.0
47736,4400000000,2019071006,71.0,68.0,999.0,23.0,21.0,999.0,999.0,5.0
47737,4500000000,2019071006,72.0,62.0,999.0,23.0,22.0,999.0,999.0,4.0
47738,4600000000,2019071006,72.0,76.0,999.0,23.0,22.0,999.0,999.0,4.0
47739,4700000000,2019071006,70.0,75.0,999.0,22.0,20.0,999.0,999.0,4.0
47740,4800000000,2019071006,70.0,63.0,999.0,22.0,21.0,999.0,999.0,4.0
47741,2600000000,2019071006,72.0,69.0,999.0,23.0,22.0,999.0,999.0,4.0
47742,2700000000,2019071006,69.0,71.0,999.0,22.0,20.0,999.0,999.0,4.0
47743,2800000000,2019071006,72.0,58.0,999.0,25.0,22.0,999.0,999.0,5.0
47744,2900000000,2019071006,74.0,72.0,999.0,24.0,23.0,999.0,999.0,4.0
47745,3000000000,2019071006,71.0,55.0,999.0,23.0,21.0,999.0,999.0,5.0
47746,3100000000,2019071006,71.0,65.0,999.0,22.0,21.0,999.0,999.0,4.0
47747,3600000000,2019071006,70.0,62.0,999.0,23.0,21.0,999.0,999.0,5.0
47748,4100000000,2019071006,73.0,60.0,999.0,25.0,22.0,999.0,999.0,5.0
47749,4200000000,2019071006,70.0,57.0,999.0,23.0,20.0,999.0,999.0,5.0
47750,1100000000,2019071006,70.0,50.0,999.0,24.0,20.0,999.0,999.0,5.0
47694,5000000000,2019070906,72.0,63.0,999.0,23.0,22.0,999.0,999.0,8.0
47695,5019000000,2019070906,74.0,75.0,999.0,24.0,23.0,999.0,999.0,6.0
31815,4600000000,2019061106,64.0,78.0,999.0,18.0,17.0,999.0,999.0,7.0
31816,4600000000,2019061118,64.0,999.0,999.0,18.0,17.0,999.0,999.0,999.0
31817,4600000000,2019061206,67.0,65.0,999.0,20.0,19.0,999.0,999.0,9.0
31818,4600000000,2019061218,64.0,999.0,999.0,18.0,17.0,999.0,999.0,999.0
31819,4600000000,2019061306,68.0,64.0,999.0,21.0,19.0,999.0,999.0,9.0
31820,4600000000,2019061318,66.0,999.0,999.0,19.0,18.0,999.0,999.0,999.0
31821,4600000000,2019061406,67.0,84.0,999.0,20.0,19.0,999.0,999.0,5.0
31822,4600000000,2019061418,67.0,999.0,999.0,20.0,19.0,999.0,999.0,999.0
31823,4600000000,2019061506,68.0,84.0,999.0,21.0,19.0,999.0,999.0,7.0
31824,4600000000,2019061518,64.0,999.0,999.0,18.0,17.0,999.0,999.0,999.0
31825,4600000000,2019061606,68.0,79.0,999.0,21.0,19.0,999.0,999.0,9.0
31826,4600000000,2019061618,64.0,999.0,999.0,18.0,17.0,999.0,999.0,999.0
34255,4100000000,2019061106,65.0,64.0,999.0,19.0,17.0,999.0,999.0,7.0
34256,4100000000,2019061118,65.0,999.0,999.0,19.0,17.0,999.0,999.0,999.0
34257,4100000000,2019061206,67.0,62.0,999.0,20.0,18.0,999.0,999.0,7.0
34258,4100000000,2019061218,66.0,999.0,999.0,20.0,18.0,999.0,999.0,999.0
34259,4100000000,2019061306,69.0,70.0,999.0,22.0,20.0,999.0,999.0,9.0
34260,4100000000,2019061318,68.0,999.0,999.0,21.0,19.0,999.0,999.0,999.0
34261,4100000000,2019061406,69.0,74.0,999.0,22.0,20.0,999.0,999.0,7.0
34262,4100000000,2019061418,68.0,999.0,999.0,21.0,19.0,999.0,999.0,999.0
34263,4100000000,2019061506,68.0,78.0,999.0,21.0,19.0,999.0,999.0,7.0
34264,4100000000,2019061518,66.0,999.0,999.0,20.0,18.0,999.0,999.0,999.0
34265,4100000000,2019061606,69.0,70.0,999.0,22.0,20.0,999.0,999.0,9.0
34266,4100000000,2019061618,67.0,999.0,999.0,20.0,19.0,999.0,999.0,999.0
32059,4700000000,2019061106,64.0,63.0,999.0,19.0,16.0,999.0,999.0,5.0
32060,4700000000,2019061118,65.0,999.0,999.0,19.0,17.0,999.0,999.0,999.0
32061,4700000000,2019061206,66.0,61.0,999.0,20.0,18.0,999.0,999.0,9.0
32062,4700000000,2019061218,68.0,999.0,999.0,21.0,19.0,999.0,999.0,999.0
32063,4700000000,2019061306,69.0,63.0,999.0,22.0,20.0,999.0,999.0,9.0
32064,4700000000,2019061318,70.0,999.0,999.0,24.0,20.0,999.0,999.0,999.0
32065,4700000000,2019061406,68.0,82.0,999.0,21.0,19.0,999.0,999.0,4.0
32066,4700000000,2019061418,68.0,999.0,999.0,21.0,19.0,999.0,999.0,999.0
32067,4700000000,2019061506,69.0,74.0,999.0,22.0,19.0,999.0,999.0,9.0
32068,4700000000,2019061518,68.0,999.0,999.0,21.0,19.0,999.0,999.0,999.0
32069,4700000000,2019061606,68.0,78.0,999.0,21.0,19.0,999.0,999.0,9.0
32070,4700000000,2019061618,66.0,999.0,999.0,20.0,18.0,999.0,999.0,999.0
34499,4200000000,2019061106,63.0,61.0,999.0,18.0,16.0,999.0,999.0,7.0
34500,4200000000,2019061118,66.0,999.0,999.0,20.0,18.0,999.0,999.0,999.0
34501,4200000000,2019061206,63.0,50.0,999.0,18.0,16.0,999.0,999.0,11.0
34502,4200000000,2019061218,69.0,999.0,999.0,22.0,20.0,999.0,999.0,999.0
34503,4200000000,2019061306,68.0,72.0,999.0,21.0,19.0,999.0,999.0,9.0
34504,4200000000,2019061318,70.0,999.0,999.0,23.0,21.0,999.0,999.0,999.0
34505,4200000000,2019061406,65.0,72.0,999.0,19.0,17.0,999.0,999.0,7.0
34506,4200000000,2019061418,69.0,999.0,999.0,22.0,20.0,999.0,999.0,999.0
34507,4200000000,2019061506,69.0,80.0,999.0,22.0,20.0,999.0,999.0,7.0
34508,4200000000,2019061518,67.0,999.0,999.0,20.0,18.0,999.0,999.0,999.0
34509,4200000000,2019061606,65.0,75.0,999.0,19.0,17.0,999.0,999.0,8.0
34510,4200000000,2019061618,69.0,999.0,999.0,22.0,20.0,999.0,999.0,999.0
32303,4800000000,2019061106,65.0,58.0,999.0,19.0,17.0,999.0,999.0,5.0
32304,4800000000,2019061118,64.0,999.0,999.0,18.0,16.0,999.0,999.0,999.0
32305,4800000000,2019061206,68.0,67.0,999.0,21.0,19.0,999.0,999.0,9.0
32306,4800000000,2019061218,64.0,999.0,999.0,18.0,16.0,999.0,999.0,999.0
32307,4800000000,2019061306,68.0,63.0,999.0,21.0,19.0,999.0,999.0,9.0
32308,4800000000,2019061318,67.0,999.0,999.0,20.0,18.0,999.0,999.0,999.0
32309,4800000000,2019061406,68.0,76.0,999.0,21.0,19.0,999.0,999.0,7.0
32310,4800000000,2019061418,67.0,999.0,999.0,20.0,19.0,999.0,999.0,999.0
32311,4800000000,2019061506,68.0,73.0,999.0,21.0,19.0,999.0,999.0,8.0
32312,4800000000,2019061518,65.0,999.0,999.0,19.0,18.0,999.0,999.0,999.0
32313,4800000000,2019061606,68.0,76.0,999.0,21.0,19.0,999.0,999.0,7.0
32314,4800000000,2019061618,64.0,999.0,999.0,18.0,16.0,999.0,999.0,999.0
34743,1100000000,2019061106,64.0,50.0,999.0,19.0,16.0,999.0,999.0,8.0
34744,1100000000,2019061118,66.0,999.0,999.0,20.0,17.0,999.0,999.0,999.0
34745,1100000000,2019061206,66.0,53.0,999.0,20.0,18.0,999.0,999.0,10.0
34746,1100000000,2019061218,67.0,999.0,999.0,21.0,18.0,999.0,999.0,999.0
34747,1100000000,2019061306,67.0,71.0,999.0,21.0,18.0,999.0,999.0,9.0
34748,1100000000,2019061318,68.0,999.0,999.0,22.0,19.0,999.0,999.0,999.0
34749,1100000000,2019061406,67.0,70.0,999.0,21.0,18.0,999.0,999.0,5.0
34750,1100000000,2019061418,69.0,999.0,999.0,22.0,19.0,999.0,999.0,999.0
34751,1100000000,2019061506,68.0,66.0,999.0,21.0,19.0,999.0,999.0,10.0
34752,1100000000,2019061518,68.0,999.0,999.0,21.0,19.0,999.0,999.0,999.0
34753,1100000000,2019061606,67.0,64.0,999.0,21.0,18.0,999.0,999.0,9.0
34754,1100000000,2019061618,68.0,999.0,999.0,21.0,19.0,999.0,999.0,999.0
32547,2600000000,2019061106,66.0,65.0,999.0,20.0,17.0,999.0,999.0,7.0
32548,2600000000,2019061118,62.0,999.0,999.0,17.0,15.0,999.0,999.0,999.0
32549,2600000000,2019061206,67.0,60.0,999.0,21.0,18.0,999.0,999.0,7.0
32550,2600000000,2019061218,64.0,999.0,999.0,18.0,16.0,999.0,999.0,999.0
32551,2600000000,2019061306,69.0,58.0,999.0,22.0,19.0,999.0,999.0,9.0
32552,2600000000,2019061318,66.0,999.0,999.0,20.0,18.0,999.0,999.0,999.0
32553,2600000000,2019061406,69.0,75.0,999.0,22.0,20.0,999.0,999.0,5.0
32554,2600000000,2019061418,67.0,999.0,999.0,20.0,18.0,999.0,999.0,999.0
32555,2600000000,2019061506,69.0,76.0,999.0,22.0,19.0,999.0,999.0,7.0
32556,2600000000,2019061518,65.0,999.0,999.0,19.0,18.0,999.0,999.0,999.0
32557,2600000000,2019061606,69.0,80.0,999.0,22.0,20.0,999.0,999.0,4.0
32558,2600000000,2019061618,64.0,999.0,999.0,18.0,16.0,999.0,999.0,999.0
32791,2700000000,2019061106,64.0,65.0,999.0,19.0,16.0,999.0,999.0,7.0
32792,2700000000,2019061118,66.0,999.0,999.0,20.0,17.0,999.0,999.0,999.0
32793,2700000000,2019061206,66.0,58.0,999.0,20.0,18.0,999.0,999.0,7.0
32794,2700000000,2019061218,68.0,999.0,999.0,21.0,19.0,999.0,999.0,999.0
32795,2700000000,2019061306,69.0,63.0,999.0,22.0,20.0,999.0,999.0,9.0
32796,2700000000,2019061318,70.0,999.0,999.0,24.0,20.0,999.0,999.0,999.0
32797,2700000000,2019061406,66.0,81.0,999.0,20.0,18.0,999.0,999.0,5.0
32798,2700000000,2019061418,69.0,999.0,999.0,22.0,20.0,999.0,999.0,999.0
32799,2700000000,2019061506,69.0,73.0,999.0,22.0,19.0,999.0,999.0,7.0
32800,2700000000,2019061518,68.0,999.0,999.0,21.0,19.0,999.0,999.0,999.0
32801,2700000000,2019061606,68.0,78.0,999.0,21.0,19.0,999.0,999.0,7.0
32802,2700000000,2019061618,66.0,999.0,999.0,20.0,18.0,999.0,999.0,999.0
47581,5019000000,2019070606,72.0,66.0,999.0,23.0,22.0,999.0,999.0,11.0
47582,5019099000,2019070606,72.0,66.0,999.0,23.0,22.0,999.0,999.0,11.0
47583,4300000000,2019070606,74.0,50.0,999.0,27.0,23.0,999.0,999.0,9.0
47584,4400000000,2019070606,73.0,62.0,999.0,25.0,22.0,999.0,999.0,9.0
47585,4500000000,2019070606,75.0,56.0,999.0,26.0,24.0,999.0,999.0,9.0
47586,4600000000,2019070606,73.0,63.0,999.0,25.0,23.0,999.0,999.0,10.0
47587,4700000000,2019070606,72.0,70.0,999.0,24.0,22.0,999.0,999.0,10.0
47588,4800000000,2019070606,72.0,65.0,999.0,24.0,22.0,999.0,999.0,10.0
47589,2600000000,2019070606,74.0,77.0,999.0,25.0,23.0,999.0,999.0,10.0
47590,2700000000,2019070606,73.0,72.0,999.0,25.0,23.0,999.0,999.0,10.0
47591,2800000000,2019070606,75.0,51.0,999.0,28.0,24.0,999.0,999.0,9.0
47592,2900000000,2019070606,76.0,56.0,999.0,26.0,24.0,999.0,999.0,10.0
47593,3000000000,2019070606,72.0,52.0,999.0,25.0,22.0,999.0,999.0,9.0
47594,3100000000,2019070606,74.0,67.0,999.0,25.0,23.0,999.0,999.0,10.0
47595,3600000000,2019070606,74.0,55.0,999.0,26.0,23.0,999.0,999.0,9.0
47596,4100000000,2019070606,75.0,58.0,999.0,28.0,24.0,999.0,999.0,9.0
47597,4200000000,2019070606,74.0,69.0,999.0,25.0,23.0,999.0,999.0,9.0
47598,1100000000,2019070606,74.0,55.0,999.0,28.0,23.0,999.0,999.0,9.0
47599,5000000000,2019070618,70.0,999.0,999.0,22.0,21.0,999.0,999.0,999.0
47580,5000000000,2019070606,73.0,52.0,999.0,24.0,22.0,999.0,999.0,11.0
47600,5019000000,2019070618,73.0,999.0,999.0,23.0,22.0,999.0,999.0,999.0
47601,5019099000,2019070618,73.0,999.0,999.0,23.0,22.0,999.0,999.0,999.0
47602,4300000000,2019070618,72.0,999.0,999.0,25.0,22.0,999.0,999.0,999.0
47603,4400000000,2019070618,74.0,999.0,999.0,26.0,23.0,999.0,999.0,999.0
47604,4500000000,2019070618,73.0,999.0,999.0,25.0,23.0,999.0,999.0,999.0
47605,4600000000,2019070618,71.0,999.0,999.0,23.0,21.0,999.0,999.0,999.0
47606,4700000000,2019070618,70.0,999.0,999.0,22.0,20.0,999.0,999.0,999.0
47607,4800000000,2019070618,69.0,999.0,999.0,22.0,20.0,999.0,999.0,999.0
47608,2600000000,2019070618,70.0,999.0,999.0,22.0,20.0,999.0,999.0,999.0
47609,2700000000,2019070618,71.0,999.0,999.0,23.0,21.0,999.0,999.0,999.0
47610,2800000000,2019070618,75.0,999.0,999.0,28.0,24.0,999.0,999.0,999.0
47611,2900000000,2019070618,74.0,999.0,999.0,25.0,23.0,999.0,999.0,999.0
47612,3000000000,2019070618,76.0,999.0,999.0,28.0,24.0,999.0,999.0,999.0
47613,3100000000,2019070618,70.0,999.0,999.0,22.0,21.0,999.0,999.0,999.0
47614,3600000000,2019070618,71.0,999.0,999.0,24.0,21.0,999.0,999.0,999.0
47615,4100000000,2019070618,76.0,999.0,999.0,28.0,24.0,999.0,999.0,999.0
47616,4200000000,2019070618,74.0,999.0,999.0,26.0,23.0,999.0,999.0,999.0
47617,1100000000,2019070618,76.0,999.0,999.0,29.0,24.0,999.0,999.0,999.0
47618,5000000000,2019070706,71.0,63.0,999.0,23.0,21.0,999.0,999.0,8.0
47619,5019000000,2019070706,73.0,74.0,999.0,23.0,22.0,999.0,999.0,8.0
47620,5019099000,2019070706,73.0,74.0,999.0,23.0,22.0,999.0,999.0,8.0
47621,4300000000,2019070706,71.0,50.0,999.0,24.0,21.0,999.0,999.0,9.0
47622,4400000000,2019070706,72.0,67.0,999.0,24.0,22.0,999.0,999.0,9.0
47623,4500000000,2019070706,72.0,53.0,999.0,24.0,22.0,999.0,999.0,9.0
47624,4600000000,2019070706,70.0,67.0,999.0,23.0,21.0,999.0,999.0,8.0
47625,4700000000,2019070706,70.0,69.0,999.0,23.0,20.0,999.0,999.0,8.0
47626,4800000000,2019070706,71.0,61.0,999.0,23.0,21.0,999.0,999.0,8.0
47627,2600000000,2019070706,70.0,69.0,999.0,23.0,21.0,999.0,999.0,8.0
47628,2700000000,2019070706,70.0,73.0,999.0,23.0,20.0,999.0,999.0,8.0
47629,2800000000,2019070706,74.0,61.0,999.0,26.0,23.0,999.0,999.0,9.0
47630,2900000000,2019070706,72.0,59.0,999.0,24.0,22.0,999.0,999.0,8.0
47631,3000000000,2019070706,72.0,54.0,999.0,24.0,22.0,999.0,999.0,9.0
47632,3100000000,2019070706,71.0,64.0,999.0,23.0,21.0,999.0,999.0,8.0
47633,3600000000,2019070706,72.0,54.0,999.0,24.0,22.0,999.0,999.0,9.0
47634,4100000000,2019070706,74.0,65.0,999.0,26.0,23.0,999.0,999.0,9.0
47635,4200000000,2019070706,71.0,74.0,999.0,24.0,21.0,999.0,999.0,8.0
47636,1100000000,2019070706,72.0,52.0,999.0,25.0,21.0,999.0,999.0,9.0
47637,5000000000,2019070718,72.0,999.0,999.0,23.0,22.0,999.0,999.0,999.0
47638,5019000000,2019070718,73.0,999.0,999.0,23.0,23.0,999.0,999.0,999.0
47639,5019099000,2019070718,73.0,999.0,999.0,23.0,23.0,999.0,999.0,999.0
47640,4300000000,2019070718,70.0,999.0,999.0,23.0,20.0,999.0,999.0,999.0
47641,4400000000,2019070718,71.0,999.0,999.0,24.0,21.0,999.0,999.0,999.0
47642,4500000000,2019070718,73.0,999.0,999.0,24.0,22.0,999.0,999.0,999.0
47643,4600000000,2019070718,68.0,999.0,999.0,21.0,19.0,999.0,999.0,999.0
47644,4700000000,2019070718,68.0,999.0,999.0,21.0,19.0,999.0,999.0,999.0
47645,4800000000,2019070718,68.0,999.0,999.0,21.0,19.0,999.0,999.0,999.0
47646,2600000000,2019070718,67.0,999.0,999.0,20.0,18.0,999.0,999.0,999.0
47647,2700000000,2019070718,69.0,999.0,999.0,22.0,19.0,999.0,999.0,999.0
47648,2800000000,2019070718,72.0,999.0,999.0,25.0,21.0,999.0,999.0,999.0
47649,2900000000,2019070718,71.0,999.0,999.0,23.0,21.0,999.0,999.0,999.0
47650,3000000000,2019070718,71.0,999.0,999.0,24.0,21.0,999.0,999.0,999.0
47651,3100000000,2019070718,69.0,999.0,999.0,21.0,20.0,999.0,999.0,999.0
47652,3600000000,2019070718,70.0,999.0,999.0,23.0,20.0,999.0,999.0,999.0
47653,4100000000,2019070718,72.0,999.0,999.0,25.0,21.0,999.0,999.0,999.0
47654,4200000000,2019070718,70.0,999.0,999.0,23.0,20.0,999.0,999.0,999.0
47655,1100000000,2019070718,71.0,999.0,999.0,25.0,21.0,999.0,999.0,999.0
47675,5000000000,2019070818,70.0,999.0,999.0,22.0,21.0,999.0,999.0,999.0
47676,5019000000,2019070818,72.0,999.0,999.0,23.0,22.0,999.0,999.0,999.0
47677,5019099000,2019070818,72.0,999.0,999.0,23.0,22.0,999.0,999.0,999.0
47678,4300000000,2019070818,71.0,999.0,999.0,24.0,21.0,999.0,999.0,999.0
47679,4400000000,2019070818,72.0,999.0,999.0,24.0,22.0,999.0,999.0,999.0
47680,4500000000,2019070818,74.0,999.0,999.0,25.0,23.0,999.0,999.0,999.0
47681,4600000000,2019070818,70.0,999.0,999.0,22.0,21.0,999.0,999.0,999.0
47682,4700000000,2019070818,70.0,999.0,999.0,22.0,21.0,999.0,999.0,999.0
47683,4800000000,2019070818,70.0,999.0,999.0,22.0,21.0,999.0,999.0,999.0
47684,2600000000,2019070818,69.0,999.0,999.0,21.0,20.0,999.0,999.0,999.0
47685,2700000000,2019070818,70.0,999.0,999.0,22.0,20.0,999.0,999.0,999.0
47686,2800000000,2019070818,72.0,999.0,999.0,25.0,21.0,999.0,999.0,999.0
47687,2900000000,2019070818,71.0,999.0,999.0,23.0,21.0,999.0,999.0,999.0
47688,3000000000,2019070818,72.0,999.0,999.0,24.0,22.0,999.0,999.0,999.0
47689,3100000000,2019070818,69.0,999.0,999.0,21.0,20.0,999.0,999.0,999.0
47690,3600000000,2019070818,71.0,999.0,999.0,23.0,21.0,999.0,999.0,999.0
47691,4100000000,2019070818,73.0,999.0,999.0,25.0,22.0,999.0,999.0,999.0
47692,4200000000,2019070818,70.0,999.0,999.0,23.0,20.0,999.0,999.0,999.0
47693,1100000000,2019070818,70.0,999.0,999.0,24.0,20.0,999.0,999.0,999.0
47751,5000000000,2019071018,73.0,999.0,999.0,23.0,22.0,999.0,999.0,999.0
47752,5019000000,2019071018,71.0,999.0,999.0,22.0,21.0,999.0,999.0,999.0
47753,5019099000,2019071018,71.0,999.0,999.0,22.0,21.0,999.0,999.0,999.0
47754,4300000000,2019071018,69.0,999.0,999.0,21.0,20.0,999.0,999.0,999.0
47755,4400000000,2019071018,73.0,999.0,999.0,23.0,22.0,999.0,999.0,999.0
47756,4500000000,2019071018,73.0,999.0,999.0,23.0,23.0,999.0,999.0,999.0
47757,4600000000,2019071018,73.0,999.0,999.0,23.0,23.0,999.0,999.0,999.0
47758,4700000000,2019071018,71.0,999.0,999.0,22.0,22.0,999.0,999.0,999.0
47759,4800000000,2019071018,73.0,999.0,999.0,23.0,23.0,999.0,999.0,999.0
47760,2600000000,2019071018,71.0,999.0,999.0,22.0,21.0,999.0,999.0,999.0
47761,2700000000,2019071018,73.0,999.0,999.0,23.0,23.0,999.0,999.0,999.0
47762,2800000000,2019071018,71.0,999.0,999.0,23.0,21.0,999.0,999.0,999.0
47763,2900000000,2019071018,72.0,999.0,999.0,23.0,22.0,999.0,999.0,999.0
47764,3000000000,2019071018,74.0,999.0,999.0,24.0,23.0,999.0,999.0,999.0
47765,3100000000,2019071018,71.0,999.0,999.0,22.0,22.0,999.0,999.0,999.0
47766,3600000000,2019071018,71.0,999.0,999.0,22.0,21.0,999.0,999.0,999.0
47767,4100000000,2019071018,73.0,999.0,999.0,24.0,22.0,999.0,999.0,999.0
47768,4200000000,2019071018,71.0,999.0,999.0,23.0,21.0,999.0,999.0,999.0
47769,1100000000,2019071018,72.0,999.0,999.0,23.0,22.0,999.0,999.0,999.0
30724,5000000000,2019061106,68.0,68.0,999.0,21.0,19.0,999.0,999.0,5.0
30725,5000000000,2019061118,64.0,999.0,999.0,18.0,17.0,999.0,999.0,999.0
30726,5000000000,2019061206,67.0,70.0,999.0,20.0,18.0,999.0,999.0,12.0
30727,5000000000,2019061218,64.0,999.0,999.0,18.0,17.0,999.0,999.0,999.0
30728,5000000000,2019061306,69.0,67.0,999.0,22.0,20.0,999.0,999.0,9.0
30729,5000000000,2019061318,69.0,999.0,999.0,21.0,20.0,999.0,999.0,999.0
30730,5000000000,2019061406,68.0,82.0,999.0,21.0,19.0,999.0,999.0,5.0
30731,5000000000,2019061418,66.0,999.0,999.0,19.0,18.0,999.0,999.0,999.0
30732,5000000000,2019061506,69.0,68.0,999.0,21.0,20.0,999.0,999.0,7.0
30733,5000000000,2019061518,67.0,999.0,999.0,20.0,19.0,999.0,999.0,999.0
30734,5000000000,2019061606,69.0,66.0,999.0,21.0,20.0,999.0,999.0,7.0
30735,5000000000,2019061618,65.0,999.0,999.0,19.0,18.0,999.0,999.0,999.0
33035,2800000000,2019061106,66.0,60.0,999.0,20.0,17.0,999.0,999.0,8.0
33036,2800000000,2019061118,65.0,999.0,999.0,19.0,17.0,999.0,999.0,999.0
33037,2800000000,2019061206,68.0,57.0,999.0,21.0,19.0,999.0,999.0,9.0
33038,2800000000,2019061218,65.0,999.0,999.0,19.0,17.0,999.0,999.0,999.0
33039,2800000000,2019061306,69.0,66.0,999.0,22.0,20.0,999.0,999.0,9.0
33040,2800000000,2019061318,66.0,999.0,999.0,20.0,17.0,999.0,999.0,999.0
33041,2800000000,2019061406,69.0,70.0,999.0,22.0,20.0,999.0,999.0,5.0
33042,2800000000,2019061418,66.0,999.0,999.0,20.0,18.0,999.0,999.0,999.0
33043,2800000000,2019061506,68.0,71.0,999.0,21.0,19.0,999.0,999.0,7.0
33044,2800000000,2019061518,67.0,999.0,999.0,21.0,18.0,999.0,999.0,999.0
33045,2800000000,2019061606,67.0,66.0,999.0,21.0,18.0,999.0,999.0,9.0
33046,2800000000,2019061618,66.0,999.0,999.0,20.0,18.0,999.0,999.0,999.0
30839,5019000000,2019061106,67.0,75.0,999.0,20.0,19.0,999.0,999.0,12.0
30840,5019000000,2019061118,67.0,999.0,999.0,20.0,19.0,999.0,999.0,999.0
30841,5019000000,2019061206,67.0,75.0,999.0,20.0,19.0,999.0,999.0,14.0
30842,5019000000,2019061218,67.0,999.0,999.0,20.0,19.0,999.0,999.0,999.0
30843,5019000000,2019061306,67.0,79.0,999.0,20.0,19.0,999.0,999.0,19.0
30844,5019000000,2019061318,67.0,999.0,999.0,20.0,19.0,999.0,999.0,999.0
30845,5019000000,2019061406,67.0,76.0,999.0,20.0,19.0,999.0,999.0,6.0
30846,5019000000,2019061418,66.0,999.0,999.0,19.0,18.0,999.0,999.0,999.0
30847,5019000000,2019061506,67.0,76.0,999.0,20.0,19.0,999.0,999.0,23.0
30848,5019000000,2019061518,67.0,999.0,999.0,20.0,19.0,999.0,999.0,999.0
30849,5019000000,2019061606,69.0,78.0,999.0,21.0,20.0,999.0,999.0,15.0
30850,5019000000,2019061618,69.0,999.0,999.0,21.0,20.0,999.0,999.0,999.0
33279,2900000000,2019061106,64.0,76.0,999.0,18.0,18.0,999.0,999.0,8.0
33280,2900000000,2019061118,65.0,999.0,999.0,19.0,18.0,999.0,999.0,999.0
33281,2900000000,2019061206,67.0,60.0,999.0,20.0,19.0,999.0,999.0,9.0
33282,2900000000,2019061218,67.0,999.0,999.0,20.0,18.0,999.0,999.0,999.0
33283,2900000000,2019061306,70.0,69.0,999.0,22.0,21.0,999.0,999.0,9.0
33284,2900000000,2019061318,68.0,999.0,999.0,21.0,19.0,999.0,999.0,999.0
33285,2900000000,2019061406,67.0,79.0,999.0,20.0,19.0,999.0,999.0,5.0
33286,2900000000,2019061418,69.0,999.0,999.0,21.0,20.0,999.0,999.0,999.0
33287,2900000000,2019061506,70.0,77.0,999.0,22.0,20.0,999.0,999.0,9.0
33288,2900000000,2019061518,64.0,999.0,999.0,18.0,17.0,999.0,999.0,999.0
33289,2900000000,2019061606,70.0,67.0,999.0,22.0,21.0,999.0,999.0,9.0
33290,2900000000,2019061618,66.0,999.0,999.0,19.0,18.0,999.0,999.0,999.0
31083,4300000000,2019061106,65.0,54.0,999.0,19.0,17.0,999.0,999.0,4.0
31084,4300000000,2019061118,66.0,999.0,999.0,20.0,18.0,999.0,999.0,999.0
31085,4300000000,2019061206,67.0,50.0,999.0,20.0,18.0,999.0,999.0,8.0
31086,4300000000,2019061218,66.0,999.0,999.0,20.0,18.0,999.0,999.0,999.0
31087,4300000000,2019061306,69.0,63.0,999.0,22.0,20.0,999.0,999.0,9.0
31088,4300000000,2019061318,69.0,999.0,999.0,22.0,20.0,999.0,999.0,999.0
31089,4300000000,2019061406,68.0,69.0,999.0,21.0,19.0,999.0,999.0,6.0
31090,4300000000,2019061418,69.0,999.0,999.0,22.0,20.0,999.0,999.0,999.0
31091,4300000000,2019061506,69.0,76.0,999.0,22.0,20.0,999.0,999.0,6.0
31092,4300000000,2019061518,67.0,999.0,999.0,20.0,18.0,999.0,999.0,999.0
31093,4300000000,2019061606,68.0,64.0,999.0,21.0,19.0,999.0,999.0,5.0
31094,4300000000,2019061618,68.0,999.0,999.0,21.0,19.0,999.0,999.0,999.0
33523,3000000000,2019061106,67.0,57.0,999.0,20.0,18.0,999.0,999.0,5.0
33524,3000000000,2019061118,67.0,999.0,999.0,20.0,18.0,999.0,999.0,999.0
33525,3000000000,2019061206,67.0,54.0,999.0,20.0,19.0,999.0,999.0,7.0
33526,3000000000,2019061218,70.0,999.0,999.0,22.0,20.0,999.0,999.0,999.0
33527,3000000000,2019061306,70.0,63.0,999.0,22.0,20.0,999.0,999.0,9.0
33528,3000000000,2019061318,72.0,999.0,999.0,23.0,22.0,999.0,999.0,999.0
33529,3000000000,2019061406,68.0,71.0,999.0,21.0,19.0,999.0,999.0,5.0
33530,3000000000,2019061418,70.0,999.0,999.0,22.0,20.0,999.0,999.0,999.0
33531,3000000000,2019061506,70.0,71.0,999.0,22.0,20.0,999.0,999.0,9.0
33532,3000000000,2019061518,67.0,999.0,999.0,20.0,18.0,999.0,999.0,999.0
33533,3000000000,2019061606,68.0,56.0,999.0,21.0,19.0,999.0,999.0,9.0
33534,3000000000,2019061618,70.0,999.0,999.0,22.0,20.0,999.0,999.0,999.0
31327,4400000000,2019061106,67.0,62.0,999.0,20.0,18.0,999.0,999.0,7.0
31328,4400000000,2019061118,67.0,999.0,999.0,20.0,19.0,999.0,999.0,999.0
31329,4400000000,2019061206,67.0,59.0,999.0,20.0,19.0,999.0,999.0,12.0
31330,4400000000,2019061218,70.0,999.0,999.0,22.0,20.0,999.0,999.0,999.0
31331,4400000000,2019061306,70.0,66.0,999.0,22.0,20.0,999.0,999.0,9.0
31332,4400000000,2019061318,72.0,999.0,999.0,23.0,22.0,999.0,999.0,999.0
31333,4400000000,2019061406,69.0,81.0,999.0,21.0,20.0,999.0,999.0,5.0
31334,4400000000,2019061418,70.0,999.0,999.0,22.0,20.0,999.0,999.0,999.0
31335,4400000000,2019061506,70.0,82.0,999.0,22.0,20.0,999.0,999.0,7.0
31336,4400000000,2019061518,67.0,999.0,999.0,20.0,18.0,999.0,999.0,999.0
31337,4400000000,2019061606,69.0,68.0,999.0,21.0,20.0,999.0,999.0,9.0
31338,4400000000,2019061618,70.0,999.0,999.0,22.0,20.0,999.0,999.0,999.0
33767,3100000000,2019061106,63.0,60.0,999.0,18.0,16.0,999.0,999.0,7.0
33768,3100000000,2019061118,62.0,999.0,999.0,17.0,15.0,999.0,999.0,999.0
33769,3100000000,2019061206,68.0,54.0,999.0,21.0,19.0,999.0,999.0,7.0
33770,3100000000,2019061218,64.0,999.0,999.0,18.0,17.0,999.0,999.0,999.0
33771,3100000000,2019061306,68.0,59.0,999.0,21.0,19.0,999.0,999.0,9.0
33772,3100000000,2019061318,65.0,999.0,999.0,19.0,18.0,999.0,999.0,999.0
33773,3100000000,2019061406,68.0,67.0,999.0,21.0,19.0,999.0,999.0,5.0
33774,3100000000,2019061418,66.0,999.0,999.0,19.0,18.0,999.0,999.0,999.0
33775,3100000000,2019061506,68.0,67.0,999.0,21.0,19.0,999.0,999.0,7.0
33776,3100000000,2019061518,65.0,999.0,999.0,19.0,18.0,999.0,999.0,999.0
33777,3100000000,2019061606,69.0,71.0,999.0,21.0,20.0,999.0,999.0,9.0
33778,3100000000,2019061618,64.0,999.0,999.0,18.0,17.0,999.0,999.0,999.0
31571,4500000000,2019061106,66.0,80.0,999.0,19.0,18.0,999.0,999.0,9.0
31572,4500000000,2019061118,64.0,999.0,999.0,18.0,17.0,999.0,999.0,999.0
31573,4500000000,2019061206,67.0,60.0,999.0,20.0,19.0,999.0,999.0,9.0
31574,4500000000,2019061218,67.0,999.0,999.0,20.0,19.0,999.0,999.0,999.0
31575,4500000000,2019061306,70.0,72.0,999.0,22.0,20.0,999.0,999.0,9.0
31576,4500000000,2019061318,69.0,999.0,999.0,21.0,20.0,999.0,999.0,999.0
31577,4500000000,2019061406,69.0,86.0,999.0,21.0,20.0,999.0,999.0,7.0
31578,4500000000,2019061418,67.0,999.0,999.0,20.0,19.0,999.0,999.0,999.0
31579,4500000000,2019061506,69.0,85.0,999.0,21.0,20.0,999.0,999.0,7.0
31580,4500000000,2019061518,66.0,999.0,999.0,19.0,18.0,999.0,999.0,999.0
31581,4500000000,2019061606,69.0,72.0,999.0,21.0,20.0,999.0,999.0,9.0
31582,4500000000,2019061618,69.0,999.0,999.0,21.0,20.0,999.0,999.0,999.0
34011,3600000000,2019061106,65.0,58.0,999.0,19.0,17.0,999.0,999.0,7.0
34012,3600000000,2019061118,65.0,999.0,999.0,19.0,18.0,999.0,999.0,999.0
34013,3600000000,2019061206,67.0,48.0,999.0,20.0,18.0,999.0,999.0,5.0
34014,3600000000,2019061218,65.0,999.0,999.0,19.0,17.0,999.0,999.0,999.0
34015,3600000000,2019061306,68.0,61.0,999.0,21.0,19.0,999.0,999.0,9.0
34016,3600000000,2019061318,68.0,999.0,999.0,21.0,19.0,999.0,999.0,999.0
34017,3600000000,2019061406,68.0,72.0,999.0,21.0,19.0,999.0,999.0,5.0
34018,3600000000,2019061418,68.0,999.0,999.0,21.0,19.0,999.0,999.0,999.0
34019,3600000000,2019061506,69.0,74.0,999.0,22.0,20.0,999.0,999.0,7.0
34020,3600000000,2019061518,67.0,999.0,999.0,20.0,18.0,999.0,999.0,999.0
34021,3600000000,2019061606,68.0,64.0,999.0,21.0,19.0,999.0,999.0,4.0
34022,3600000000,2019061618,68.0,999.0,999.0,21.0,19.0,999.0,999.0,999.0
47566,4500000000,2019070518,73.0,999.0,999.0,23.0,24.0,999.0,999.0,999.0
47567,4600000000,2019070518,71.0,999.0,999.0,22.0,23.0,999.0,999.0,999.0
47568,4700000000,2019070518,70.0,999.0,999.0,22.0,23.0,999.0,999.0,999.0
47569,4800000000,2019070518,69.0,999.0,999.0,21.0,21.0,999.0,999.0,999.0
47570,2600000000,2019070518,71.0,999.0,999.0,23.0,21.0,999.0,999.0,999.0
47571,2700000000,2019070518,71.0,999.0,999.0,23.0,23.0,999.0,999.0,999.0
47572,2800000000,2019070518,72.0,999.0,999.0,23.0,23.0,999.0,999.0,999.0
47573,2900000000,2019070518,74.0,999.0,999.0,24.0,24.0,999.0,999.0,999.0
47574,3000000000,2019070518,73.0,999.0,999.0,24.0,25.0,999.0,999.0,999.0
47578,4200000000,2019070518,74.0,999.0,999.0,25.0,26.0,999.0,999.0,999.0
47656,5000000000,2019070806,72.0,70.0,999.0,23.0,22.0,999.0,999.0,6.0
47657,5019000000,2019070806,73.0,74.0,999.0,23.0,22.0,999.0,999.0,8.0
47658,5019099000,2019070806,73.0,74.0,999.0,23.0,22.0,999.0,999.0,8.0
47659,4300000000,2019070806,69.0,50.0,999.0,22.0,20.0,999.0,999.0,7.0
47660,4400000000,2019070806,71.0,57.0,999.0,23.0,21.0,999.0,999.0,7.0
47661,4500000000,2019070806,71.0,59.0,999.0,23.0,21.0,999.0,999.0,7.0
47662,4600000000,2019070806,71.0,64.0,999.0,23.0,21.0,999.0,999.0,5.0
47663,4700000000,2019070806,70.0,68.0,999.0,22.0,20.0,999.0,999.0,5.0
47664,4800000000,2019070806,70.0,54.0,999.0,22.0,21.0,999.0,999.0,5.0
47563,5019099000,2019070518,72.0,999.0,999.0,23.0,22.0,999.0,999.0,999.0
47665,2600000000,2019070806,71.0,61.0,999.0,23.0,21.0,999.0,999.0,5.0
47565,4400000000,2019070518,73.0,999.0,999.0,24.0,25.0,999.0,999.0,999.0
47666,2700000000,2019070806,69.0,65.0,999.0,22.0,20.0,999.0,999.0,5.0
47667,2800000000,2019070806,71.0,46.0,999.0,24.0,21.0,999.0,999.0,7.0
47668,2900000000,2019070806,73.0,65.0,999.0,24.0,23.0,999.0,999.0,5.0
47669,3000000000,2019070806,71.0,52.0,999.0,23.0,21.0,999.0,999.0,7.0
47670,3100000000,2019070806,70.0,64.0,999.0,22.0,21.0,999.0,999.0,5.0
47671,3600000000,2019070806,71.0,51.0,999.0,23.0,21.0,999.0,999.0,7.0
47672,4100000000,2019070806,71.0,50.0,999.0,24.0,21.0,999.0,999.0,7.0
47673,4200000000,2019070806,69.0,59.0,999.0,22.0,20.0,999.0,999.0,6.0
47674,1100000000,2019070806,70.0,47.0,999.0,24.0,20.0,999.0,999.0,7.0
46043,4100000000,2019061103,59.0,999.0,999.0,15.0,999.0,999.0,999.0,999.0
46044,4100000000,2019061109,70.0,999.0,999.0,23.0,999.0,999.0,999.0,999.0
46045,4100000000,2019061112,71.0,999.0,999.0,25.0,999.0,999.0,999.0,999.0
46046,4100000000,2019061115,69.0,999.0,999.0,23.0,999.0,999.0,999.0,999.0
46047,4100000000,2019061121,62.0,999.0,999.0,17.0,999.0,999.0,999.0,999.0
46048,4100000000,2019061200,59.0,999.0,999.0,15.0,999.0,999.0,999.0,999.0
46049,4100000000,2019061203,59.0,999.0,999.0,15.0,999.0,999.0,999.0,999.0
46050,4100000000,2019061209,71.0,999.0,999.0,24.0,999.0,999.0,999.0,999.0
46051,4100000000,2019061212,73.0,999.0,999.0,25.0,999.0,999.0,999.0,999.0
46052,4100000000,2019061215,70.0,999.0,999.0,23.0,999.0,999.0,999.0,999.0
46053,4100000000,2019061221,64.0,999.0,999.0,18.0,999.0,999.0,999.0,999.0
46054,4100000000,2019061300,62.0,999.0,999.0,17.0,999.0,999.0,999.0,999.0
46055,4100000000,2019061303,61.0,999.0,999.0,16.0,999.0,999.0,999.0,999.0
46056,4100000000,2019061309,74.0,999.0,999.0,26.0,999.0,999.0,999.0,999.0
46057,4100000000,2019061312,74.0,999.0,999.0,27.0,999.0,999.0,999.0,999.0
46058,4100000000,2019061315,72.0,999.0,999.0,25.0,999.0,999.0,999.0,999.0
46059,4100000000,2019061321,65.0,999.0,999.0,19.0,999.0,999.0,999.0,999.0
46060,4100000000,2019061400,64.0,999.0,999.0,18.0,999.0,999.0,999.0,999.0
46061,4100000000,2019061403,64.0,999.0,999.0,18.0,999.0,999.0,999.0,999.0
46062,4100000000,2019061409,73.0,999.0,999.0,25.0,999.0,999.0,999.0,999.0
46063,4100000000,2019061412,74.0,999.0,999.0,26.0,999.0,999.0,999.0,999.0
46064,4100000000,2019061415,70.0,999.0,999.0,24.0,999.0,999.0,999.0,999.0
46065,4100000000,2019061421,65.0,999.0,999.0,19.0,999.0,999.0,999.0,999.0
46066,4100000000,2019061500,62.0,999.0,999.0,17.0,999.0,999.0,999.0,999.0
46067,4100000000,2019061503,64.0,999.0,999.0,18.0,999.0,999.0,999.0,999.0
46068,4100000000,2019061509,71.0,999.0,999.0,24.0,999.0,999.0,999.0,999.0
46069,4100000000,2019061512,73.0,999.0,999.0,25.0,999.0,999.0,999.0,999.0
46070,4100000000,2019061515,71.0,999.0,999.0,24.0,999.0,999.0,999.0,999.0
46071,4100000000,2019061521,64.0,999.0,999.0,18.0,999.0,999.0,999.0,999.0
46072,4100000000,2019061600,62.0,999.0,999.0,17.0,999.0,999.0,999.0,999.0
46073,4100000000,2019061603,61.0,999.0,999.0,16.0,999.0,999.0,999.0,999.0
46074,4100000000,2019061609,73.0,999.0,999.0,26.0,999.0,999.0,999.0,999.0
46075,4100000000,2019061612,74.0,999.0,999.0,26.0,999.0,999.0,999.0,999.0
46076,4100000000,2019061615,71.0,999.0,999.0,24.0,999.0,999.0,999.0,999.0
46077,4100000000,2019061621,66.0,999.0,999.0,19.0,999.0,999.0,999.0,999.0
47561,5000000000,2019070518,70.0,999.0,999.0,22.0,21.0,999.0,999.0,999.0
47562,5019000000,2019070518,72.0,999.0,999.0,23.0,22.0,999.0,999.0,999.0
47564,4300000000,2019070518,72.0,999.0,999.0,24.0,23.0,999.0,999.0,999.0
47575,3100000000,2019070518,69.0,999.0,999.0,21.0,21.0,999.0,999.0,999.0
47576,3600000000,2019070518,70.0,999.0,999.0,22.0,23.0,999.0,999.0,999.0
47577,4100000000,2019070518,74.0,999.0,999.0,25.0,24.0,999.0,999.0,999.0
47579,1100000000,2019070518,73.0,999.0,999.0,26.0,24.0,999.0,999.0,999.0
44579,3100000000,2019061103,61.0,999.0,999.0,16.0,999.0,999.0,999.0,999.0
44580,3100000000,2019061109,66.0,999.0,999.0,20.0,999.0,999.0,999.0,999.0
44581,3100000000,2019061112,67.0,999.0,999.0,21.0,999.0,999.0,999.0,999.0
44582,3100000000,2019061115,65.0,999.0,999.0,19.0,999.0,999.0,999.0,999.0
44583,3100000000,2019061121,60.0,999.0,999.0,16.0,999.0,999.0,999.0,999.0
44584,3100000000,2019061200,59.0,999.0,999.0,15.0,999.0,999.0,999.0,999.0
44585,3100000000,2019061203,61.0,999.0,999.0,16.0,999.0,999.0,999.0,999.0
44586,3100000000,2019061209,69.0,999.0,999.0,22.0,999.0,999.0,999.0,999.0
44587,3100000000,2019061212,69.0,999.0,999.0,22.0,999.0,999.0,999.0,999.0
44588,3100000000,2019061215,68.0,999.0,999.0,21.0,999.0,999.0,999.0,999.0
44589,3100000000,2019061221,61.0,999.0,999.0,16.0,999.0,999.0,999.0,999.0
44590,3100000000,2019061300,59.0,999.0,999.0,15.0,999.0,999.0,999.0,999.0
44591,3100000000,2019061303,57.0,999.0,999.0,14.0,999.0,999.0,999.0,999.0
46775,4200000000,2019061103,57.0,999.0,999.0,14.0,999.0,999.0,999.0,999.0
46776,4200000000,2019061109,69.0,999.0,999.0,23.0,999.0,999.0,999.0,999.0
46777,4200000000,2019061112,71.0,999.0,999.0,26.0,999.0,999.0,999.0,999.0
46778,4200000000,2019061115,71.0,999.0,999.0,26.0,999.0,999.0,999.0,999.0
46779,4200000000,2019061121,62.0,999.0,999.0,17.0,999.0,999.0,999.0,999.0
46780,4200000000,2019061200,57.0,999.0,999.0,14.0,999.0,999.0,999.0,999.0
46781,4200000000,2019061203,57.0,999.0,999.0,14.0,999.0,999.0,999.0,999.0
46782,4200000000,2019061209,70.0,999.0,999.0,24.0,999.0,999.0,999.0,999.0
46783,4200000000,2019061212,73.0,999.0,999.0,27.0,999.0,999.0,999.0,999.0
46784,4200000000,2019061215,74.0,999.0,999.0,27.0,999.0,999.0,999.0,999.0
46785,4200000000,2019061221,66.0,999.0,999.0,19.0,999.0,999.0,999.0,999.0
46786,4200000000,2019061300,62.0,999.0,999.0,17.0,999.0,999.0,999.0,999.0
46787,4200000000,2019061303,61.0,999.0,999.0,16.0,999.0,999.0,999.0,999.0
46788,4200000000,2019061309,73.0,999.0,999.0,26.0,999.0,999.0,999.0,999.0
46789,4200000000,2019061312,75.0,999.0,999.0,28.0,999.0,999.0,999.0,999.0
46790,4200000000,2019061315,75.0,999.0,999.0,28.0,999.0,999.0,999.0,999.0
46791,4200000000,2019061321,65.0,999.0,999.0,19.0,999.0,999.0,999.0,999.0
46792,4200000000,2019061400,64.0,999.0,999.0,18.0,999.0,999.0,999.0,999.0
46793,4200000000,2019061403,62.0,999.0,999.0,17.0,999.0,999.0,999.0,999.0
46794,4200000000,2019061409,73.0,999.0,999.0,25.0,999.0,999.0,999.0,999.0
46795,4200000000,2019061412,75.0,999.0,999.0,28.0,999.0,999.0,999.0,999.0
46796,4200000000,2019061415,74.0,999.0,999.0,27.0,999.0,999.0,999.0,999.0
46797,4200000000,2019061421,67.0,999.0,999.0,20.0,999.0,999.0,999.0,999.0
46798,4200000000,2019061500,64.0,999.0,999.0,18.0,999.0,999.0,999.0,999.0
46799,4200000000,2019061503,62.0,999.0,999.0,17.0,999.0,999.0,999.0,999.0
46800,4200000000,2019061509,72.0,999.0,999.0,25.0,999.0,999.0,999.0,999.0
46801,4200000000,2019061512,77.0,999.0,999.0,29.0,999.0,999.0,999.0,999.0
46802,4200000000,2019061515,71.0,999.0,999.0,24.0,999.0,999.0,999.0,999.0
46803,4200000000,2019061521,62.0,999.0,999.0,17.0,999.0,999.0,999.0,999.0
46804,4200000000,2019061600,61.0,999.0,999.0,16.0,999.0,999.0,999.0,999.0
46805,4200000000,2019061603,61.0,999.0,999.0,16.0,999.0,999.0,999.0,999.0
46806,4200000000,2019061609,70.0,999.0,999.0,23.0,999.0,999.0,999.0,999.0
46807,4200000000,2019061612,72.0,999.0,999.0,25.0,999.0,999.0,999.0,999.0
46808,4200000000,2019061615,73.0,999.0,999.0,26.0,999.0,999.0,999.0,999.0
46809,4200000000,2019061621,66.0,999.0,999.0,19.0,999.0,999.0,999.0,999.0
44592,3100000000,2019061309,70.0,999.0,999.0,23.0,999.0,999.0,999.0,999.0
44593,3100000000,2019061312,70.0,999.0,999.0,23.0,999.0,999.0,999.0,999.0
44594,3100000000,2019061315,69.0,999.0,999.0,22.0,999.0,999.0,999.0,999.0
44595,3100000000,2019061321,62.0,999.0,999.0,17.0,999.0,999.0,999.0,999.0
44596,3100000000,2019061400,62.0,999.0,999.0,17.0,999.0,999.0,999.0,999.0
44597,3100000000,2019061403,62.0,999.0,999.0,17.0,999.0,999.0,999.0,999.0
44598,3100000000,2019061409,70.0,999.0,999.0,22.0,999.0,999.0,999.0,999.0
44599,3100000000,2019061412,70.0,999.0,999.0,22.0,999.0,999.0,999.0,999.0
44600,3100000000,2019061415,69.0,999.0,999.0,21.0,999.0,999.0,999.0,999.0
44601,3100000000,2019061421,64.0,999.0,999.0,18.0,999.0,999.0,999.0,999.0
44602,3100000000,2019061500,64.0,999.0,999.0,18.0,999.0,999.0,999.0,999.0
44603,3100000000,2019061503,64.0,999.0,999.0,18.0,999.0,999.0,999.0,999.0
44604,3100000000,2019061509,72.0,999.0,999.0,24.0,999.0,999.0,999.0,999.0
44605,3100000000,2019061512,70.0,999.0,999.0,23.0,999.0,999.0,999.0,999.0
44606,3100000000,2019061515,69.0,999.0,999.0,22.0,999.0,999.0,999.0,999.0
44607,3100000000,2019061521,64.0,999.0,999.0,18.0,999.0,999.0,999.0,999.0
44608,3100000000,2019061600,62.0,999.0,999.0,17.0,999.0,999.0,999.0,999.0
44609,3100000000,2019061603,62.0,999.0,999.0,17.0,999.0,999.0,999.0,999.0
44610,3100000000,2019061609,70.0,999.0,999.0,22.0,999.0,999.0,999.0,999.0
44611,3100000000,2019061612,67.0,999.0,999.0,20.0,999.0,999.0,999.0,999.0
44612,3100000000,2019061615,65.0,999.0,999.0,19.0,999.0,999.0,999.0,999.0
44613,3100000000,2019061621,64.0,999.0,999.0,18.0,999.0,999.0,999.0,999.0
47507,1100000000,2019061103,60.0,999.0,999.0,16.0,999.0,999.0,999.0,999.0
47508,1100000000,2019061109,69.0,999.0,999.0,23.0,999.0,999.0,999.0,999.0
47509,1100000000,2019061112,71.0,999.0,999.0,25.0,999.0,999.0,999.0,999.0
47510,1100000000,2019061115,70.0,999.0,999.0,24.0,999.0,999.0,999.0,999.0
47511,1100000000,2019061121,65.0,999.0,999.0,19.0,999.0,999.0,999.0,999.0
47512,1100000000,2019061200,64.0,999.0,999.0,18.0,999.0,999.0,999.0,999.0
47513,1100000000,2019061203,60.0,999.0,999.0,16.0,999.0,999.0,999.0,999.0
47514,1100000000,2019061209,71.0,999.0,999.0,24.0,999.0,999.0,999.0,999.0
47515,1100000000,2019061212,72.0,999.0,999.0,25.0,999.0,999.0,999.0,999.0
47516,1100000000,2019061215,72.0,999.0,999.0,25.0,999.0,999.0,999.0,999.0
47517,1100000000,2019061221,65.0,999.0,999.0,19.0,999.0,999.0,999.0,999.0
47518,1100000000,2019061300,64.0,999.0,999.0,18.0,999.0,999.0,999.0,999.0
47519,1100000000,2019061303,64.0,999.0,999.0,18.0,999.0,999.0,999.0,999.0
47520,1100000000,2019061309,73.0,999.0,999.0,26.0,999.0,999.0,999.0,999.0
47521,1100000000,2019061312,73.0,999.0,999.0,27.0,999.0,999.0,999.0,999.0
47522,1100000000,2019061315,73.0,999.0,999.0,26.0,999.0,999.0,999.0,999.0
47523,1100000000,2019061321,67.0,999.0,999.0,21.0,999.0,999.0,999.0,999.0
47524,1100000000,2019061400,65.0,999.0,999.0,19.0,999.0,999.0,999.0,999.0
47525,1100000000,2019061403,63.0,999.0,999.0,18.0,999.0,999.0,999.0,999.0
47526,1100000000,2019061409,71.0,999.0,999.0,24.0,999.0,999.0,999.0,999.0
47527,1100000000,2019061412,73.0,999.0,999.0,26.0,999.0,999.0,999.0,999.0
47528,1100000000,2019061415,72.0,999.0,999.0,25.0,999.0,999.0,999.0,999.0
47529,1100000000,2019061421,66.0,999.0,999.0,20.0,999.0,999.0,999.0,999.0
47530,1100000000,2019061500,64.0,999.0,999.0,18.0,999.0,999.0,999.0,999.0
47531,1100000000,2019061503,62.0,999.0,999.0,17.0,999.0,999.0,999.0,999.0
47532,1100000000,2019061509,70.0,999.0,999.0,24.0,999.0,999.0,999.0,999.0
47533,1100000000,2019061512,72.0,999.0,999.0,25.0,999.0,999.0,999.0,999.0
47534,1100000000,2019061515,74.0,999.0,999.0,26.0,999.0,999.0,999.0,999.0
47535,1100000000,2019061521,65.0,999.0,999.0,19.0,999.0,999.0,999.0,999.0
47536,1100000000,2019061600,64.0,999.0,999.0,18.0,999.0,999.0,999.0,999.0
47537,1100000000,2019061603,62.0,999.0,999.0,17.0,999.0,999.0,999.0,999.0
47538,1100000000,2019061609,71.0,999.0,999.0,25.0,999.0,999.0,999.0,999.0
47539,1100000000,2019061612,73.0,999.0,999.0,26.0,999.0,999.0,999.0,999.0
47540,1100000000,2019061615,71.0,999.0,999.0,25.0,999.0,999.0,999.0,999.0
47541,1100000000,2019061621,67.0,999.0,999.0,20.0,999.0,999.0,999.0,999.0
45311,3600000000,2019061103,59.0,999.0,999.0,15.0,999.0,999.0,999.0,999.0
45312,3600000000,2019061109,71.0,999.0,999.0,24.0,999.0,999.0,999.0,999.0
45313,3600000000,2019061112,72.0,999.0,999.0,25.0,999.0,999.0,999.0,999.0
45314,3600000000,2019061115,71.0,999.0,999.0,24.0,999.0,999.0,999.0,999.0
45315,3600000000,2019061121,61.0,999.0,999.0,16.0,999.0,999.0,999.0,999.0
45316,3600000000,2019061200,57.0,999.0,999.0,14.0,999.0,999.0,999.0,999.0
45317,3600000000,2019061203,57.0,999.0,999.0,14.0,999.0,999.0,999.0,999.0
45318,3600000000,2019061209,72.0,999.0,999.0,25.0,999.0,999.0,999.0,999.0
45319,3600000000,2019061212,73.0,999.0,999.0,27.0,999.0,999.0,999.0,999.0
45320,3600000000,2019061215,73.0,999.0,999.0,26.0,999.0,999.0,999.0,999.0
45321,3600000000,2019061221,62.0,999.0,999.0,17.0,999.0,999.0,999.0,999.0
45322,3600000000,2019061300,59.0,999.0,999.0,15.0,999.0,999.0,999.0,999.0
45323,3600000000,2019061303,59.0,999.0,999.0,15.0,999.0,999.0,999.0,999.0
45324,3600000000,2019061309,74.0,999.0,999.0,27.0,999.0,999.0,999.0,999.0
45325,3600000000,2019061312,75.0,999.0,999.0,28.0,999.0,999.0,999.0,999.0
45326,3600000000,2019061315,75.0,999.0,999.0,28.0,999.0,999.0,999.0,999.0
45327,3600000000,2019061321,66.0,999.0,999.0,19.0,999.0,999.0,999.0,999.0
45328,3600000000,2019061400,62.0,999.0,999.0,17.0,999.0,999.0,999.0,999.0
45329,3600000000,2019061403,62.0,999.0,999.0,17.0,999.0,999.0,999.0,999.0
45330,3600000000,2019061409,71.0,999.0,999.0,24.0,999.0,999.0,999.0,999.0
45331,3600000000,2019061412,73.0,999.0,999.0,25.0,999.0,999.0,999.0,999.0
45332,3600000000,2019061415,73.0,999.0,999.0,25.0,999.0,999.0,999.0,999.0
45333,3600000000,2019061421,64.0,999.0,999.0,18.0,999.0,999.0,999.0,999.0
45334,3600000000,2019061500,61.0,999.0,999.0,16.0,999.0,999.0,999.0,999.0
45335,3600000000,2019061503,61.0,999.0,999.0,16.0,999.0,999.0,999.0,999.0
45336,3600000000,2019061509,73.0,999.0,999.0,25.0,999.0,999.0,999.0,999.0
45337,3600000000,2019061512,73.0,999.0,999.0,26.0,999.0,999.0,999.0,999.0
45338,3600000000,2019061515,72.0,999.0,999.0,25.0,999.0,999.0,999.0,999.0
45339,3600000000,2019061521,62.0,999.0,999.0,17.0,999.0,999.0,999.0,999.0
45340,3600000000,2019061600,61.0,999.0,999.0,16.0,999.0,999.0,999.0,999.0
45341,3600000000,2019061603,59.0,999.0,999.0,15.0,999.0,999.0,999.0,999.0
45342,3600000000,2019061609,72.0,999.0,999.0,25.0,999.0,999.0,999.0,999.0
45343,3600000000,2019061612,74.0,999.0,999.0,27.0,999.0,999.0,999.0,999.0
45344,3600000000,2019061615,74.0,999.0,999.0,26.0,999.0,999.0,999.0,999.0
45345,3600000000,2019061621,66.0,999.0,999.0,19.0,999.0,999.0,999.0,999.0
40919,2600000000,2019061103,60.0,999.0,999.0,16.0,999.0,999.0,999.0,999.0
40920,2600000000,2019061109,68.0,999.0,999.0,22.0,999.0,999.0,999.0,999.0
40921,2600000000,2019061112,69.0,999.0,999.0,23.0,999.0,999.0,999.0,999.0
40922,2600000000,2019061115,64.0,999.0,999.0,19.0,999.0,999.0,999.0,999.0
40923,2600000000,2019061121,62.0,999.0,999.0,17.0,999.0,999.0,999.0,999.0
40924,2600000000,2019061200,60.0,999.0,999.0,16.0,999.0,999.0,999.0,999.0
40925,2600000000,2019061203,60.0,999.0,999.0,16.0,999.0,999.0,999.0,999.0
40926,2600000000,2019061209,68.0,999.0,999.0,22.0,999.0,999.0,999.0,999.0
40927,2600000000,2019061212,70.0,999.0,999.0,23.0,999.0,999.0,999.0,999.0
40928,2600000000,2019061215,67.0,999.0,999.0,21.0,999.0,999.0,999.0,999.0
40929,2600000000,2019061221,64.0,999.0,999.0,18.0,999.0,999.0,999.0,999.0
40930,2600000000,2019061300,62.0,999.0,999.0,17.0,999.0,999.0,999.0,999.0
40931,2600000000,2019061303,60.0,999.0,999.0,16.0,999.0,999.0,999.0,999.0
40932,2600000000,2019061309,72.0,999.0,999.0,25.0,999.0,999.0,999.0,999.0
40933,2600000000,2019061312,72.0,999.0,999.0,25.0,999.0,999.0,999.0,999.0
40934,2600000000,2019061315,70.0,999.0,999.0,23.0,999.0,999.0,999.0,999.0
40935,2600000000,2019061321,65.0,999.0,999.0,19.0,999.0,999.0,999.0,999.0
40936,2600000000,2019061400,65.0,999.0,999.0,19.0,999.0,999.0,999.0,999.0
40937,2600000000,2019061403,65.0,999.0,999.0,19.0,999.0,999.0,999.0,999.0
40938,2600000000,2019061409,71.0,999.0,999.0,23.0,999.0,999.0,999.0,999.0
40939,2600000000,2019061412,71.0,999.0,999.0,23.0,999.0,999.0,999.0,999.0
40940,2600000000,2019061415,69.0,999.0,999.0,22.0,999.0,999.0,999.0,999.0
40941,2600000000,2019061421,65.0,999.0,999.0,19.0,999.0,999.0,999.0,999.0
40942,2600000000,2019061500,65.0,999.0,999.0,19.0,999.0,999.0,999.0,999.0
40943,2600000000,2019061503,65.0,999.0,999.0,19.0,999.0,999.0,999.0,999.0
40944,2600000000,2019061509,71.0,999.0,999.0,24.0,999.0,999.0,999.0,999.0
40945,2600000000,2019061512,72.0,999.0,999.0,25.0,999.0,999.0,999.0,999.0
40946,2600000000,2019061515,68.0,999.0,999.0,21.0,999.0,999.0,999.0,999.0
40947,2600000000,2019061521,65.0,999.0,999.0,19.0,999.0,999.0,999.0,999.0
40948,2600000000,2019061600,64.0,999.0,999.0,18.0,999.0,999.0,999.0,999.0
40949,2600000000,2019061603,64.0,999.0,999.0,18.0,999.0,999.0,999.0,999.0
40950,2600000000,2019061609,69.0,999.0,999.0,22.0,999.0,999.0,999.0,999.0
40951,2600000000,2019061612,68.0,999.0,999.0,21.0,999.0,999.0,999.0,999.0
40952,2600000000,2019061615,65.0,999.0,999.0,19.0,999.0,999.0,999.0,999.0
40953,2600000000,2019061621,64.0,999.0,999.0,18.0,999.0,999.0,999.0,999.0
38723,4600000000,2019061103,62.0,999.0,999.0,17.0,999.0,999.0,999.0,999.0
38724,4600000000,2019061109,68.0,999.0,999.0,21.0,999.0,999.0,999.0,999.0
38725,4600000000,2019061112,68.0,999.0,999.0,21.0,999.0,999.0,999.0,999.0
38726,4600000000,2019061115,66.0,999.0,999.0,20.0,999.0,999.0,999.0,999.0
38727,4600000000,2019061121,61.0,999.0,999.0,16.0,999.0,999.0,999.0,999.0
38728,4600000000,2019061200,61.0,999.0,999.0,16.0,999.0,999.0,999.0,999.0
38729,4600000000,2019061203,61.0,999.0,999.0,16.0,999.0,999.0,999.0,999.0
38730,4600000000,2019061209,70.0,999.0,999.0,23.0,999.0,999.0,999.0,999.0
38731,4600000000,2019061212,71.0,999.0,999.0,23.0,999.0,999.0,999.0,999.0
38732,4600000000,2019061215,68.0,999.0,999.0,21.0,999.0,999.0,999.0,999.0
38733,4600000000,2019061221,62.0,999.0,999.0,17.0,999.0,999.0,999.0,999.0
38734,4600000000,2019061300,61.0,999.0,999.0,16.0,999.0,999.0,999.0,999.0
38735,4600000000,2019061303,61.0,999.0,999.0,16.0,999.0,999.0,999.0,999.0
38736,4600000000,2019061309,73.0,999.0,999.0,25.0,999.0,999.0,999.0,999.0
38737,4600000000,2019061312,74.0,999.0,999.0,26.0,999.0,999.0,999.0,999.0
38738,4600000000,2019061315,70.0,999.0,999.0,22.0,999.0,999.0,999.0,999.0
38739,4600000000,2019061321,64.0,999.0,999.0,18.0,999.0,999.0,999.0,999.0
38740,4600000000,2019061400,64.0,999.0,999.0,18.0,999.0,999.0,999.0,999.0
38741,4600000000,2019061403,64.0,999.0,999.0,18.0,999.0,999.0,999.0,999.0
38742,4600000000,2019061409,68.0,999.0,999.0,21.0,999.0,999.0,999.0,999.0
38743,4600000000,2019061412,69.0,999.0,999.0,22.0,999.0,999.0,999.0,999.0
38744,4600000000,2019061415,70.0,999.0,999.0,22.0,999.0,999.0,999.0,999.0
38745,4600000000,2019061421,64.0,999.0,999.0,18.0,999.0,999.0,999.0,999.0
38746,4600000000,2019061500,62.0,999.0,999.0,17.0,999.0,999.0,999.0,999.0
38747,4600000000,2019061503,62.0,999.0,999.0,17.0,999.0,999.0,999.0,999.0
38748,4600000000,2019061509,69.0,999.0,999.0,22.0,999.0,999.0,999.0,999.0
38749,4600000000,2019061512,71.0,999.0,999.0,23.0,999.0,999.0,999.0,999.0
38750,4600000000,2019061515,67.0,999.0,999.0,20.0,999.0,999.0,999.0,999.0
38751,4600000000,2019061521,62.0,999.0,999.0,17.0,999.0,999.0,999.0,999.0
38752,4600000000,2019061600,62.0,999.0,999.0,17.0,999.0,999.0,999.0,999.0
38753,4600000000,2019061603,62.0,999.0,999.0,17.0,999.0,999.0,999.0,999.0
38754,4600000000,2019061609,69.0,999.0,999.0,22.0,999.0,999.0,999.0,999.0
38755,4600000000,2019061612,69.0,999.0,999.0,22.0,999.0,999.0,999.0,999.0
38756,4600000000,2019061615,68.0,999.0,999.0,21.0,999.0,999.0,999.0,999.0
38757,4600000000,2019061621,62.0,999.0,999.0,17.0,999.0,999.0,999.0,999.0
36527,4300000000,2019061103,61.0,999.0,999.0,16.0,999.0,999.0,999.0,999.0
36528,4300000000,2019061109,70.0,999.0,999.0,23.0,999.0,999.0,999.0,999.0
36529,4300000000,2019061112,70.0,999.0,999.0,24.0,999.0,999.0,999.0,999.0
36530,4300000000,2019061115,70.0,999.0,999.0,24.0,999.0,999.0,999.0,999.0
36531,4300000000,2019061121,62.0,999.0,999.0,17.0,999.0,999.0,999.0,999.0
36532,4300000000,2019061200,59.0,999.0,999.0,15.0,999.0,999.0,999.0,999.0
36533,4300000000,2019061203,59.0,999.0,999.0,15.0,999.0,999.0,999.0,999.0
36534,4300000000,2019061209,72.0,999.0,999.0,25.0,999.0,999.0,999.0,999.0
36535,4300000000,2019061212,74.0,999.0,999.0,27.0,999.0,999.0,999.0,999.0
36536,4300000000,2019061215,72.0,999.0,999.0,25.0,999.0,999.0,999.0,999.0
36537,4300000000,2019061221,65.0,999.0,999.0,19.0,999.0,999.0,999.0,999.0
36538,4300000000,2019061300,62.0,999.0,999.0,17.0,999.0,999.0,999.0,999.0
36539,4300000000,2019061303,61.0,999.0,999.0,16.0,999.0,999.0,999.0,999.0
36540,4300000000,2019061309,74.0,999.0,999.0,27.0,999.0,999.0,999.0,999.0
36541,4300000000,2019061312,76.0,999.0,999.0,29.0,999.0,999.0,999.0,999.0
36542,4300000000,2019061315,74.0,999.0,999.0,26.0,999.0,999.0,999.0,999.0
36543,4300000000,2019061321,65.0,999.0,999.0,19.0,999.0,999.0,999.0,999.0
36544,4300000000,2019061400,64.0,999.0,999.0,18.0,999.0,999.0,999.0,999.0
36545,4300000000,2019061403,64.0,999.0,999.0,18.0,999.0,999.0,999.0,999.0
36546,4300000000,2019061409,71.0,999.0,999.0,24.0,999.0,999.0,999.0,999.0
36547,4300000000,2019061412,74.0,999.0,999.0,26.0,999.0,999.0,999.0,999.0
36548,4300000000,2019061415,73.0,999.0,999.0,25.0,999.0,999.0,999.0,999.0
36549,4300000000,2019061421,65.0,999.0,999.0,19.0,999.0,999.0,999.0,999.0
36550,4300000000,2019061500,64.0,999.0,999.0,18.0,999.0,999.0,999.0,999.0
36551,4300000000,2019061503,62.0,999.0,999.0,17.0,999.0,999.0,999.0,999.0
36552,4300000000,2019061509,73.0,999.0,999.0,25.0,999.0,999.0,999.0,999.0
36553,4300000000,2019061512,74.0,999.0,999.0,27.0,999.0,999.0,999.0,999.0
36554,4300000000,2019061515,71.0,999.0,999.0,24.0,999.0,999.0,999.0,999.0
36555,4300000000,2019061521,64.0,999.0,999.0,18.0,999.0,999.0,999.0,999.0
36556,4300000000,2019061600,62.0,999.0,999.0,17.0,999.0,999.0,999.0,999.0
36557,4300000000,2019061603,61.0,999.0,999.0,16.0,999.0,999.0,999.0,999.0
36558,4300000000,2019061609,72.0,999.0,999.0,25.0,999.0,999.0,999.0,999.0
36559,4300000000,2019061612,73.0,999.0,999.0,26.0,999.0,999.0,999.0,999.0
36560,4300000000,2019061615,72.0,999.0,999.0,25.0,999.0,999.0,999.0,999.0
36561,4300000000,2019061621,65.0,999.0,999.0,19.0,999.0,999.0,999.0,999.0
43847,3000000000,2019061103,62.0,999.0,999.0,17.0,999.0,999.0,999.0,999.0
43848,3000000000,2019061109,71.0,999.0,999.0,24.0,999.0,999.0,999.0,999.0
43849,3000000000,2019061112,72.0,999.0,999.0,25.0,999.0,999.0,999.0,999.0
43850,3000000000,2019061115,71.0,999.0,999.0,24.0,999.0,999.0,999.0,999.0
43851,3000000000,2019061121,66.0,999.0,999.0,19.0,999.0,999.0,999.0,999.0
43852,3000000000,2019061200,61.0,999.0,999.0,16.0,999.0,999.0,999.0,999.0
43853,3000000000,2019061203,61.0,999.0,999.0,16.0,999.0,999.0,999.0,999.0
43854,3000000000,2019061209,72.0,999.0,999.0,25.0,999.0,999.0,999.0,999.0
43855,3000000000,2019061212,74.0,999.0,999.0,27.0,999.0,999.0,999.0,999.0
43856,3000000000,2019061215,74.0,999.0,999.0,27.0,999.0,999.0,999.0,999.0
43857,3000000000,2019061221,67.0,999.0,999.0,20.0,999.0,999.0,999.0,999.0
43858,3000000000,2019061300,64.0,999.0,999.0,18.0,999.0,999.0,999.0,999.0
43859,3000000000,2019061303,62.0,999.0,999.0,17.0,999.0,999.0,999.0,999.0
43860,3000000000,2019061309,75.0,999.0,999.0,28.0,999.0,999.0,999.0,999.0
43861,3000000000,2019061312,77.0,999.0,999.0,30.0,999.0,999.0,999.0,999.0
43862,3000000000,2019061315,75.0,999.0,999.0,28.0,999.0,999.0,999.0,999.0
43863,3000000000,2019061321,69.0,999.0,999.0,21.0,999.0,999.0,999.0,999.0
43864,3000000000,2019061400,66.0,999.0,999.0,19.0,999.0,999.0,999.0,999.0
43865,3000000000,2019061403,66.0,999.0,999.0,19.0,999.0,999.0,999.0,999.0
43866,3000000000,2019061409,73.0,999.0,999.0,25.0,999.0,999.0,999.0,999.0
43867,3000000000,2019061412,73.0,999.0,999.0,25.0,999.0,999.0,999.0,999.0
43868,3000000000,2019061415,73.0,999.0,999.0,25.0,999.0,999.0,999.0,999.0
43869,3000000000,2019061421,69.0,999.0,999.0,21.0,999.0,999.0,999.0,999.0
43870,3000000000,2019061500,66.0,999.0,999.0,19.0,999.0,999.0,999.0,999.0
43871,3000000000,2019061503,64.0,999.0,999.0,18.0,999.0,999.0,999.0,999.0
43872,3000000000,2019061509,73.0,999.0,999.0,25.0,999.0,999.0,999.0,999.0
43873,3000000000,2019061512,74.0,999.0,999.0,27.0,999.0,999.0,999.0,999.0
43874,3000000000,2019061515,72.0,999.0,999.0,25.0,999.0,999.0,999.0,999.0
43875,3000000000,2019061521,66.0,999.0,999.0,19.0,999.0,999.0,999.0,999.0
43876,3000000000,2019061600,64.0,999.0,999.0,18.0,999.0,999.0,999.0,999.0
43877,3000000000,2019061603,62.0,999.0,999.0,17.0,999.0,999.0,999.0,999.0
43878,3000000000,2019061609,74.0,999.0,999.0,26.0,999.0,999.0,999.0,999.0
43879,3000000000,2019061612,74.0,999.0,999.0,27.0,999.0,999.0,999.0,999.0
43880,3000000000,2019061615,74.0,999.0,999.0,26.0,999.0,999.0,999.0,999.0
43881,3000000000,2019061621,67.0,999.0,999.0,20.0,999.0,999.0,999.0,999.0
41651,2700000000,2019061103,59.0,999.0,999.0,15.0,999.0,999.0,999.0,999.0
41652,2700000000,2019061109,68.0,999.0,999.0,23.0,999.0,999.0,999.0,999.0
41653,2700000000,2019061112,72.0,999.0,999.0,26.0,999.0,999.0,999.0,999.0
41654,2700000000,2019061115,69.0,999.0,999.0,23.0,999.0,999.0,999.0,999.0
41655,2700000000,2019061121,62.0,999.0,999.0,17.0,999.0,999.0,999.0,999.0
41656,2700000000,2019061200,60.0,999.0,999.0,16.0,999.0,999.0,999.0,999.0
41657,2700000000,2019061203,61.0,999.0,999.0,16.0,999.0,999.0,999.0,999.0
41658,2700000000,2019061209,70.0,999.0,999.0,24.0,999.0,999.0,999.0,999.0
41659,2700000000,2019061212,73.0,999.0,999.0,27.0,999.0,999.0,999.0,999.0
41660,2700000000,2019061215,72.0,999.0,999.0,26.0,999.0,999.0,999.0,999.0
41661,2700000000,2019061221,66.0,999.0,999.0,20.0,999.0,999.0,999.0,999.0
41662,2700000000,2019061300,64.0,999.0,999.0,18.0,999.0,999.0,999.0,999.0
41663,2700000000,2019061303,62.0,999.0,999.0,17.0,999.0,999.0,999.0,999.0
41664,2700000000,2019061309,73.0,999.0,999.0,27.0,999.0,999.0,999.0,999.0
41665,2700000000,2019061312,75.0,999.0,999.0,28.0,999.0,999.0,999.0,999.0
41666,2700000000,2019061315,74.0,999.0,999.0,27.0,999.0,999.0,999.0,999.0
41667,2700000000,2019061321,68.0,999.0,999.0,21.0,999.0,999.0,999.0,999.0
41668,2700000000,2019061400,65.0,999.0,999.0,19.0,999.0,999.0,999.0,999.0
41669,2700000000,2019061403,64.0,999.0,999.0,18.0,999.0,999.0,999.0,999.0
41670,2700000000,2019061409,72.0,999.0,999.0,25.0,999.0,999.0,999.0,999.0
41671,2700000000,2019061412,72.0,999.0,999.0,25.0,999.0,999.0,999.0,999.0
41672,2700000000,2019061415,71.0,999.0,999.0,24.0,999.0,999.0,999.0,999.0
41673,2700000000,2019061421,65.0,999.0,999.0,19.0,999.0,999.0,999.0,999.0
41674,2700000000,2019061500,64.0,999.0,999.0,18.0,999.0,999.0,999.0,999.0
41675,2700000000,2019061503,64.0,999.0,999.0,18.0,999.0,999.0,999.0,999.0
41676,2700000000,2019061509,74.0,999.0,999.0,27.0,999.0,999.0,999.0,999.0
41677,2700000000,2019061512,75.0,999.0,999.0,28.0,999.0,999.0,999.0,999.0
41678,2700000000,2019061515,76.0,999.0,999.0,28.0,999.0,999.0,999.0,999.0
41679,2700000000,2019061521,65.0,999.0,999.0,19.0,999.0,999.0,999.0,999.0
41680,2700000000,2019061600,64.0,999.0,999.0,18.0,999.0,999.0,999.0,999.0
41681,2700000000,2019061603,64.0,999.0,999.0,18.0,999.0,999.0,999.0,999.0
41682,2700000000,2019061609,71.0,999.0,999.0,25.0,999.0,999.0,999.0,999.0
41683,2700000000,2019061612,72.0,999.0,999.0,26.0,999.0,999.0,999.0,999.0
41684,2700000000,2019061615,69.0,999.0,999.0,22.0,999.0,999.0,999.0,999.0
41685,2700000000,2019061621,65.0,999.0,999.0,19.0,999.0,999.0,999.0,999.0
39455,4700000000,2019061103,59.0,999.0,999.0,15.0,999.0,999.0,999.0,999.0
39456,4700000000,2019061109,69.0,999.0,999.0,23.0,999.0,999.0,999.0,999.0
39457,4700000000,2019061112,71.0,999.0,999.0,26.0,999.0,999.0,999.0,999.0
39458,4700000000,2019061115,69.0,999.0,999.0,23.0,999.0,999.0,999.0,999.0
39459,4700000000,2019061121,62.0,999.0,999.0,17.0,999.0,999.0,999.0,999.0
39460,4700000000,2019061200,60.0,999.0,999.0,16.0,999.0,999.0,999.0,999.0
39461,4700000000,2019061203,59.0,999.0,999.0,15.0,999.0,999.0,999.0,999.0
39462,4700000000,2019061209,71.0,999.0,999.0,25.0,999.0,999.0,999.0,999.0
39463,4700000000,2019061212,72.0,999.0,999.0,26.0,999.0,999.0,999.0,999.0
39464,4700000000,2019061215,73.0,999.0,999.0,26.0,999.0,999.0,999.0,999.0
39465,4700000000,2019061221,65.0,999.0,999.0,19.0,999.0,999.0,999.0,999.0
39466,4700000000,2019061300,62.0,999.0,999.0,17.0,999.0,999.0,999.0,999.0
39467,4700000000,2019061303,61.0,999.0,999.0,16.0,999.0,999.0,999.0,999.0
39468,4700000000,2019061309,73.0,999.0,999.0,27.0,999.0,999.0,999.0,999.0
39469,4700000000,2019061312,76.0,999.0,999.0,29.0,999.0,999.0,999.0,999.0
39470,4700000000,2019061315,74.0,999.0,999.0,28.0,999.0,999.0,999.0,999.0
39471,4700000000,2019061321,66.0,999.0,999.0,20.0,999.0,999.0,999.0,999.0
39472,4700000000,2019061400,64.0,999.0,999.0,18.0,999.0,999.0,999.0,999.0
39473,4700000000,2019061403,64.0,999.0,999.0,18.0,999.0,999.0,999.0,999.0
39474,4700000000,2019061409,72.0,999.0,999.0,25.0,999.0,999.0,999.0,999.0
39475,4700000000,2019061412,72.0,999.0,999.0,25.0,999.0,999.0,999.0,999.0
39476,4700000000,2019061415,71.0,999.0,999.0,24.0,999.0,999.0,999.0,999.0
39477,4700000000,2019061421,65.0,999.0,999.0,19.0,999.0,999.0,999.0,999.0
39478,4700000000,2019061500,64.0,999.0,999.0,18.0,999.0,999.0,999.0,999.0
39479,4700000000,2019061503,64.0,999.0,999.0,18.0,999.0,999.0,999.0,999.0
37259,4400000000,2019061103,61.0,999.0,999.0,16.0,999.0,999.0,999.0,999.0
37260,4400000000,2019061109,71.0,999.0,999.0,24.0,999.0,999.0,999.0,999.0
37261,4400000000,2019061112,72.0,999.0,999.0,25.0,999.0,999.0,999.0,999.0
37262,4400000000,2019061115,72.0,999.0,999.0,25.0,999.0,999.0,999.0,999.0
37263,4400000000,2019061121,64.0,999.0,999.0,18.0,999.0,999.0,999.0,999.0
37264,4400000000,2019061200,61.0,999.0,999.0,16.0,999.0,999.0,999.0,999.0
37265,4400000000,2019061203,59.0,999.0,999.0,15.0,999.0,999.0,999.0,999.0
37266,4400000000,2019061209,72.0,999.0,999.0,25.0,999.0,999.0,999.0,999.0
37267,4400000000,2019061212,74.0,999.0,999.0,27.0,999.0,999.0,999.0,999.0
37268,4400000000,2019061215,74.0,999.0,999.0,27.0,999.0,999.0,999.0,999.0
37269,4400000000,2019061221,67.0,999.0,999.0,20.0,999.0,999.0,999.0,999.0
37270,4400000000,2019061300,64.0,999.0,999.0,18.0,999.0,999.0,999.0,999.0
37271,4400000000,2019061303,61.0,999.0,999.0,16.0,999.0,999.0,999.0,999.0
37272,4400000000,2019061309,75.0,999.0,999.0,28.0,999.0,999.0,999.0,999.0
37273,4400000000,2019061312,76.0,999.0,999.0,29.0,999.0,999.0,999.0,999.0
37274,4400000000,2019061315,75.0,999.0,999.0,28.0,999.0,999.0,999.0,999.0
37275,4400000000,2019061321,67.0,999.0,999.0,20.0,999.0,999.0,999.0,999.0
37276,4400000000,2019061400,66.0,999.0,999.0,19.0,999.0,999.0,999.0,999.0
37277,4400000000,2019061403,64.0,999.0,999.0,18.0,999.0,999.0,999.0,999.0
37278,4400000000,2019061409,72.0,999.0,999.0,24.0,999.0,999.0,999.0,999.0
37279,4400000000,2019061412,73.0,999.0,999.0,25.0,999.0,999.0,999.0,999.0
37280,4400000000,2019061415,73.0,999.0,999.0,25.0,999.0,999.0,999.0,999.0
37281,4400000000,2019061421,67.0,999.0,999.0,20.0,999.0,999.0,999.0,999.0
37282,4400000000,2019061500,64.0,999.0,999.0,18.0,999.0,999.0,999.0,999.0
37283,4400000000,2019061503,62.0,999.0,999.0,17.0,999.0,999.0,999.0,999.0
37284,4400000000,2019061509,73.0,999.0,999.0,25.0,999.0,999.0,999.0,999.0
37285,4400000000,2019061512,74.0,999.0,999.0,27.0,999.0,999.0,999.0,999.0
37286,4400000000,2019061515,72.0,999.0,999.0,25.0,999.0,999.0,999.0,999.0
37287,4400000000,2019061521,66.0,999.0,999.0,19.0,999.0,999.0,999.0,999.0
37288,4400000000,2019061600,62.0,999.0,999.0,17.0,999.0,999.0,999.0,999.0
37289,4400000000,2019061603,62.0,999.0,999.0,17.0,999.0,999.0,999.0,999.0
37290,4400000000,2019061609,74.0,999.0,999.0,26.0,999.0,999.0,999.0,999.0
37291,4400000000,2019061612,74.0,999.0,999.0,27.0,999.0,999.0,999.0,999.0
37292,4400000000,2019061615,74.0,999.0,999.0,26.0,999.0,999.0,999.0,999.0
37293,4400000000,2019061621,67.0,999.0,999.0,20.0,999.0,999.0,999.0,999.0
39480,4700000000,2019061509,74.0,999.0,999.0,27.0,999.0,999.0,999.0,999.0
39481,4700000000,2019061512,75.0,999.0,999.0,28.0,999.0,999.0,999.0,999.0
39482,4700000000,2019061515,76.0,999.0,999.0,28.0,999.0,999.0,999.0,999.0
39483,4700000000,2019061521,65.0,999.0,999.0,19.0,999.0,999.0,999.0,999.0
39484,4700000000,2019061600,64.0,999.0,999.0,18.0,999.0,999.0,999.0,999.0
39485,4700000000,2019061603,64.0,999.0,999.0,18.0,999.0,999.0,999.0,999.0
39486,4700000000,2019061609,71.0,999.0,999.0,25.0,999.0,999.0,999.0,999.0
39487,4700000000,2019061612,72.0,999.0,999.0,26.0,999.0,999.0,999.0,999.0
39488,4700000000,2019061615,69.0,999.0,999.0,22.0,999.0,999.0,999.0,999.0
39489,4700000000,2019061621,65.0,999.0,999.0,19.0,999.0,999.0,999.0,999.0
35452,5000000000,2019061103,66.0,999.0,999.0,19.0,999.0,999.0,999.0,999.0
35453,5000000000,2019061109,69.0,999.0,999.0,22.0,999.0,999.0,999.0,999.0
35454,5000000000,2019061112,68.0,999.0,999.0,21.0,999.0,999.0,999.0,999.0
35455,5000000000,2019061115,68.0,999.0,999.0,21.0,999.0,999.0,999.0,999.0
35456,5000000000,2019061121,64.0,999.0,999.0,18.0,999.0,999.0,999.0,999.0
35457,5000000000,2019061200,64.0,999.0,999.0,18.0,999.0,999.0,999.0,999.0
35458,5000000000,2019061203,64.0,999.0,999.0,18.0,999.0,999.0,999.0,999.0
35459,5000000000,2019061209,68.0,999.0,999.0,21.0,999.0,999.0,999.0,999.0
35460,5000000000,2019061212,68.0,999.0,999.0,21.0,999.0,999.0,999.0,999.0
35461,5000000000,2019061215,67.0,999.0,999.0,20.0,999.0,999.0,999.0,999.0
35462,5000000000,2019061221,64.0,999.0,999.0,18.0,999.0,999.0,999.0,999.0
35463,5000000000,2019061300,64.0,999.0,999.0,18.0,999.0,999.0,999.0,999.0
35464,5000000000,2019061303,64.0,999.0,999.0,18.0,999.0,999.0,999.0,999.0
35465,5000000000,2019061309,70.0,999.0,999.0,23.0,999.0,999.0,999.0,999.0
35466,5000000000,2019061312,70.0,999.0,999.0,23.0,999.0,999.0,999.0,999.0
35467,5000000000,2019061315,72.0,999.0,999.0,24.0,999.0,999.0,999.0,999.0
35468,5000000000,2019061321,69.0,999.0,999.0,21.0,999.0,999.0,999.0,999.0
35469,5000000000,2019061400,67.0,999.0,999.0,20.0,999.0,999.0,999.0,999.0
35470,5000000000,2019061403,69.0,999.0,999.0,21.0,999.0,999.0,999.0,999.0
35471,5000000000,2019061409,69.0,999.0,999.0,21.0,999.0,999.0,999.0,999.0
35472,5000000000,2019061412,67.0,999.0,999.0,20.0,999.0,999.0,999.0,999.0
35473,5000000000,2019061415,67.0,999.0,999.0,20.0,999.0,999.0,999.0,999.0
35474,5000000000,2019061421,66.0,999.0,999.0,19.0,999.0,999.0,999.0,999.0
35475,5000000000,2019061500,64.0,999.0,999.0,18.0,999.0,999.0,999.0,999.0
35476,5000000000,2019061503,64.0,999.0,999.0,18.0,999.0,999.0,999.0,999.0
35477,5000000000,2019061509,70.0,999.0,999.0,22.0,999.0,999.0,999.0,999.0
35478,5000000000,2019061512,70.0,999.0,999.0,22.0,999.0,999.0,999.0,999.0
35479,5000000000,2019061515,68.0,999.0,999.0,21.0,999.0,999.0,999.0,999.0
35480,5000000000,2019061521,66.0,999.0,999.0,19.0,999.0,999.0,999.0,999.0
35481,5000000000,2019061600,66.0,999.0,999.0,19.0,999.0,999.0,999.0,999.0
35482,5000000000,2019061603,66.0,999.0,999.0,19.0,999.0,999.0,999.0,999.0
35483,5000000000,2019061609,70.0,999.0,999.0,22.0,999.0,999.0,999.0,999.0
35484,5000000000,2019061612,69.0,999.0,999.0,22.0,999.0,999.0,999.0,999.0
35485,5000000000,2019061615,68.0,999.0,999.0,21.0,999.0,999.0,999.0,999.0
35486,5000000000,2019061621,64.0,999.0,999.0,18.0,999.0,999.0,999.0,999.0
42383,2800000000,2019061103,60.0,999.0,999.0,16.0,999.0,999.0,999.0,999.0
42384,2800000000,2019061109,69.0,999.0,999.0,23.0,999.0,999.0,999.0,999.0
42385,2800000000,2019061112,70.0,999.0,999.0,24.0,999.0,999.0,999.0,999.0
42386,2800000000,2019061115,70.0,999.0,999.0,23.0,999.0,999.0,999.0,999.0
42387,2800000000,2019061121,64.0,999.0,999.0,18.0,999.0,999.0,999.0,999.0
42388,2800000000,2019061200,62.0,999.0,999.0,17.0,999.0,999.0,999.0,999.0
42389,2800000000,2019061203,61.0,999.0,999.0,16.0,999.0,999.0,999.0,999.0
42390,2800000000,2019061209,70.0,999.0,999.0,23.0,999.0,999.0,999.0,999.0
42391,2800000000,2019061212,71.0,999.0,999.0,24.0,999.0,999.0,999.0,999.0
42392,2800000000,2019061215,70.0,999.0,999.0,23.0,999.0,999.0,999.0,999.0
42393,2800000000,2019061221,64.0,999.0,999.0,18.0,999.0,999.0,999.0,999.0
42394,2800000000,2019061300,62.0,999.0,999.0,17.0,999.0,999.0,999.0,999.0
42395,2800000000,2019061303,62.0,999.0,999.0,17.0,999.0,999.0,999.0,999.0
42396,2800000000,2019061309,72.0,999.0,999.0,25.0,999.0,999.0,999.0,999.0
42397,2800000000,2019061312,73.0,999.0,999.0,26.0,999.0,999.0,999.0,999.0
42398,2800000000,2019061315,70.0,999.0,999.0,24.0,999.0,999.0,999.0,999.0
42399,2800000000,2019061321,65.0,999.0,999.0,19.0,999.0,999.0,999.0,999.0
42400,2800000000,2019061400,64.0,999.0,999.0,18.0,999.0,999.0,999.0,999.0
42401,2800000000,2019061403,64.0,999.0,999.0,18.0,999.0,999.0,999.0,999.0
42402,2800000000,2019061409,71.0,999.0,999.0,24.0,999.0,999.0,999.0,999.0
42403,2800000000,2019061412,72.0,999.0,999.0,25.0,999.0,999.0,999.0,999.0
42404,2800000000,2019061415,69.0,999.0,999.0,23.0,999.0,999.0,999.0,999.0
42405,2800000000,2019061421,65.0,999.0,999.0,19.0,999.0,999.0,999.0,999.0
42406,2800000000,2019061500,62.0,999.0,999.0,17.0,999.0,999.0,999.0,999.0
42407,2800000000,2019061503,62.0,999.0,999.0,17.0,999.0,999.0,999.0,999.0
42408,2800000000,2019061509,71.0,999.0,999.0,24.0,999.0,999.0,999.0,999.0
42409,2800000000,2019061512,71.0,999.0,999.0,24.0,999.0,999.0,999.0,999.0
42410,2800000000,2019061515,72.0,999.0,999.0,25.0,999.0,999.0,999.0,999.0
42411,2800000000,2019061521,65.0,999.0,999.0,19.0,999.0,999.0,999.0,999.0
42412,2800000000,2019061600,62.0,999.0,999.0,17.0,999.0,999.0,999.0,999.0
42413,2800000000,2019061603,61.0,999.0,999.0,16.0,999.0,999.0,999.0,999.0
42414,2800000000,2019061609,72.0,999.0,999.0,25.0,999.0,999.0,999.0,999.0
42415,2800000000,2019061612,72.0,999.0,999.0,25.0,999.0,999.0,999.0,999.0
42416,2800000000,2019061615,71.0,999.0,999.0,24.0,999.0,999.0,999.0,999.0
42417,2800000000,2019061621,66.0,999.0,999.0,19.0,999.0,999.0,999.0,999.0
40187,4800000000,2019061103,57.0,999.0,999.0,14.0,999.0,999.0,999.0,999.0
40188,4800000000,2019061109,69.0,999.0,999.0,23.0,999.0,999.0,999.0,999.0
40189,4800000000,2019061112,71.0,999.0,999.0,24.0,999.0,999.0,999.0,999.0
37991,4500000000,2019061103,63.0,999.0,999.0,17.0,999.0,999.0,999.0,999.0
37992,4500000000,2019061109,69.0,999.0,999.0,21.0,999.0,999.0,999.0,999.0
37993,4500000000,2019061112,71.0,999.0,999.0,23.0,999.0,999.0,999.0,999.0
37994,4500000000,2019061115,68.0,999.0,999.0,21.0,999.0,999.0,999.0,999.0
37995,4500000000,2019061121,62.0,999.0,999.0,17.0,999.0,999.0,999.0,999.0
37996,4500000000,2019061200,61.0,999.0,999.0,16.0,999.0,999.0,999.0,999.0
37997,4500000000,2019061203,59.0,999.0,999.0,15.0,999.0,999.0,999.0,999.0
37998,4500000000,2019061209,70.0,999.0,999.0,23.0,999.0,999.0,999.0,999.0
37999,4500000000,2019061212,72.0,999.0,999.0,25.0,999.0,999.0,999.0,999.0
38000,4500000000,2019061215,71.0,999.0,999.0,24.0,999.0,999.0,999.0,999.0
38001,4500000000,2019061221,64.0,999.0,999.0,18.0,999.0,999.0,999.0,999.0
38002,4500000000,2019061300,63.0,999.0,999.0,17.0,999.0,999.0,999.0,999.0
38003,4500000000,2019061303,61.0,999.0,999.0,16.0,999.0,999.0,999.0,999.0
38004,4500000000,2019061309,75.0,999.0,999.0,26.0,999.0,999.0,999.0,999.0
38005,4500000000,2019061312,76.0,999.0,999.0,28.0,999.0,999.0,999.0,999.0
38006,4500000000,2019061315,72.0,999.0,999.0,24.0,999.0,999.0,999.0,999.0
38007,4500000000,2019061321,66.0,999.0,999.0,19.0,999.0,999.0,999.0,999.0
38008,4500000000,2019061400,66.0,999.0,999.0,19.0,999.0,999.0,999.0,999.0
38009,4500000000,2019061403,64.0,999.0,999.0,18.0,999.0,999.0,999.0,999.0
38010,4500000000,2019061409,71.0,999.0,999.0,23.0,999.0,999.0,999.0,999.0
38011,4500000000,2019061412,71.0,999.0,999.0,23.0,999.0,999.0,999.0,999.0
38012,4500000000,2019061415,71.0,999.0,999.0,23.0,999.0,999.0,999.0,999.0
38013,4500000000,2019061421,67.0,999.0,999.0,20.0,999.0,999.0,999.0,999.0
38014,4500000000,2019061500,63.0,999.0,999.0,17.0,999.0,999.0,999.0,999.0
38015,4500000000,2019061503,63.0,999.0,999.0,17.0,999.0,999.0,999.0,999.0
38016,4500000000,2019061509,71.0,999.0,999.0,23.0,999.0,999.0,999.0,999.0
38017,4500000000,2019061512,72.0,999.0,999.0,24.0,999.0,999.0,999.0,999.0
38018,4500000000,2019061515,68.0,999.0,999.0,21.0,999.0,999.0,999.0,999.0
38019,4500000000,2019061521,64.0,999.0,999.0,18.0,999.0,999.0,999.0,999.0
38020,4500000000,2019061600,61.0,999.0,999.0,16.0,999.0,999.0,999.0,999.0
38021,4500000000,2019061603,61.0,999.0,999.0,16.0,999.0,999.0,999.0,999.0
38022,4500000000,2019061609,73.0,999.0,999.0,25.0,999.0,999.0,999.0,999.0
38023,4500000000,2019061612,74.0,999.0,999.0,26.0,999.0,999.0,999.0,999.0
38024,4500000000,2019061615,71.0,999.0,999.0,23.0,999.0,999.0,999.0,999.0
38025,4500000000,2019061621,66.0,999.0,999.0,19.0,999.0,999.0,999.0,999.0
40190,4800000000,2019061115,68.0,999.0,999.0,21.0,999.0,999.0,999.0,999.0
40191,4800000000,2019061121,62.0,999.0,999.0,17.0,999.0,999.0,999.0,999.0
40192,4800000000,2019061200,61.0,999.0,999.0,16.0,999.0,999.0,999.0,999.0
40193,4800000000,2019061203,61.0,999.0,999.0,16.0,999.0,999.0,999.0,999.0
40194,4800000000,2019061209,70.0,999.0,999.0,23.0,999.0,999.0,999.0,999.0
40195,4800000000,2019061212,71.0,999.0,999.0,24.0,999.0,999.0,999.0,999.0
40196,4800000000,2019061215,69.0,999.0,999.0,22.0,999.0,999.0,999.0,999.0
40197,4800000000,2019061221,62.0,999.0,999.0,17.0,999.0,999.0,999.0,999.0
40198,4800000000,2019061300,61.0,999.0,999.0,16.0,999.0,999.0,999.0,999.0
40199,4800000000,2019061303,59.0,999.0,999.0,15.0,999.0,999.0,999.0,999.0
40200,4800000000,2019061309,72.0,999.0,999.0,25.0,999.0,999.0,999.0,999.0
40201,4800000000,2019061312,74.0,999.0,999.0,26.0,999.0,999.0,999.0,999.0
40202,4800000000,2019061315,71.0,999.0,999.0,24.0,999.0,999.0,999.0,999.0
40203,4800000000,2019061321,66.0,999.0,999.0,19.0,999.0,999.0,999.0,999.0
40204,4800000000,2019061400,64.0,999.0,999.0,18.0,999.0,999.0,999.0,999.0
40205,4800000000,2019061403,64.0,999.0,999.0,18.0,999.0,999.0,999.0,999.0
40206,4800000000,2019061409,69.0,999.0,999.0,22.0,999.0,999.0,999.0,999.0
40207,4800000000,2019061412,69.0,999.0,999.0,22.0,999.0,999.0,999.0,999.0
40208,4800000000,2019061415,68.0,999.0,999.0,21.0,999.0,999.0,999.0,999.0
40209,4800000000,2019061421,66.0,999.0,999.0,19.0,999.0,999.0,999.0,999.0
40210,4800000000,2019061500,64.0,999.0,999.0,18.0,999.0,999.0,999.0,999.0
40211,4800000000,2019061503,62.0,999.0,999.0,17.0,999.0,999.0,999.0,999.0
40212,4800000000,2019061509,73.0,999.0,999.0,26.0,999.0,999.0,999.0,999.0
40213,4800000000,2019061512,74.0,999.0,999.0,26.0,999.0,999.0,999.0,999.0
40214,4800000000,2019061515,71.0,999.0,999.0,23.0,999.0,999.0,999.0,999.0
40215,4800000000,2019061521,64.0,999.0,999.0,18.0,999.0,999.0,999.0,999.0
40216,4800000000,2019061600,62.0,999.0,999.0,17.0,999.0,999.0,999.0,999.0
40217,4800000000,2019061603,62.0,999.0,999.0,17.0,999.0,999.0,999.0,999.0
40218,4800000000,2019061609,71.0,999.0,999.0,24.0,999.0,999.0,999.0,999.0
40219,4800000000,2019061612,70.0,999.0,999.0,23.0,999.0,999.0,999.0,999.0
40220,4800000000,2019061615,68.0,999.0,999.0,21.0,999.0,999.0,999.0,999.0
40221,4800000000,2019061621,64.0,999.0,999.0,18.0,999.0,999.0,999.0,999.0
35795,5019000000,2019061103,66.0,999.0,999.0,19.0,999.0,999.0,999.0,999.0
35796,5019000000,2019061109,69.0,999.0,999.0,21.0,999.0,999.0,999.0,999.0
35797,5019000000,2019061112,69.0,999.0,999.0,21.0,999.0,999.0,999.0,999.0
35798,5019000000,2019061115,67.0,999.0,999.0,20.0,999.0,999.0,999.0,999.0
35799,5019000000,2019061121,67.0,999.0,999.0,20.0,999.0,999.0,999.0,999.0
35800,5019000000,2019061200,66.0,999.0,999.0,19.0,999.0,999.0,999.0,999.0
35801,5019000000,2019061203,66.0,999.0,999.0,19.0,999.0,999.0,999.0,999.0
35802,5019000000,2019061209,67.0,999.0,999.0,20.0,999.0,999.0,999.0,999.0
35803,5019000000,2019061212,67.0,999.0,999.0,20.0,999.0,999.0,999.0,999.0
35804,5019000000,2019061215,67.0,999.0,999.0,20.0,999.0,999.0,999.0,999.0
35805,5019000000,2019061221,67.0,999.0,999.0,20.0,999.0,999.0,999.0,999.0
35806,5019000000,2019061300,66.0,999.0,999.0,19.0,999.0,999.0,999.0,999.0
35807,5019000000,2019061303,66.0,999.0,999.0,19.0,999.0,999.0,999.0,999.0
35808,5019000000,2019061309,67.0,999.0,999.0,20.0,999.0,999.0,999.0,999.0
35809,5019000000,2019061312,69.0,999.0,999.0,21.0,999.0,999.0,999.0,999.0
35810,5019000000,2019061315,67.0,999.0,999.0,20.0,999.0,999.0,999.0,999.0
35811,5019000000,2019061321,67.0,999.0,999.0,20.0,999.0,999.0,999.0,999.0
35812,5019000000,2019061400,67.0,999.0,999.0,20.0,999.0,999.0,999.0,999.0
35813,5019000000,2019061403,68.0,999.0,999.0,20.0,999.0,999.0,999.0,999.0
35814,5019000000,2019061409,69.0,999.0,999.0,21.0,999.0,999.0,999.0,999.0
35815,5019000000,2019061412,67.0,999.0,999.0,20.0,999.0,999.0,999.0,999.0
35816,5019000000,2019061415,67.0,999.0,999.0,20.0,999.0,999.0,999.0,999.0
35817,5019000000,2019061421,67.0,999.0,999.0,20.0,999.0,999.0,999.0,999.0
35818,5019000000,2019061500,66.0,999.0,999.0,19.0,999.0,999.0,999.0,999.0
35819,5019000000,2019061503,66.0,999.0,999.0,19.0,999.0,999.0,999.0,999.0
35820,5019000000,2019061509,67.0,999.0,999.0,20.0,999.0,999.0,999.0,999.0
35821,5019000000,2019061512,69.0,999.0,999.0,21.0,999.0,999.0,999.0,999.0
35822,5019000000,2019061515,67.0,999.0,999.0,20.0,999.0,999.0,999.0,999.0
35823,5019000000,2019061521,67.0,999.0,999.0,20.0,999.0,999.0,999.0,999.0
35824,5019000000,2019061600,67.0,999.0,999.0,20.0,999.0,999.0,999.0,999.0
35825,5019000000,2019061603,67.0,999.0,999.0,20.0,999.0,999.0,999.0,999.0
35826,5019000000,2019061609,69.0,999.0,999.0,21.0,999.0,999.0,999.0,999.0
35827,5019000000,2019061612,69.0,999.0,999.0,21.0,999.0,999.0,999.0,999.0
35828,5019000000,2019061615,69.0,999.0,999.0,21.0,999.0,999.0,999.0,999.0
35829,5019000000,2019061621,69.0,999.0,999.0,21.0,999.0,999.0,999.0,999.0
43115,2900000000,2019061103,62.0,999.0,999.0,17.0,999.0,999.0,999.0,999.0
43116,2900000000,2019061109,70.0,999.0,999.0,22.0,999.0,999.0,999.0,999.0
43117,2900000000,2019061112,70.0,999.0,999.0,23.0,999.0,999.0,999.0,999.0
43118,2900000000,2019061115,69.0,999.0,999.0,22.0,999.0,999.0,999.0,999.0
43119,2900000000,2019061121,61.0,999.0,999.0,16.0,999.0,999.0,999.0,999.0
43120,2900000000,2019061200,61.0,999.0,999.0,16.0,999.0,999.0,999.0,999.0
43121,2900000000,2019061203,59.0,999.0,999.0,15.0,999.0,999.0,999.0,999.0
43122,2900000000,2019061209,73.0,999.0,999.0,25.0,999.0,999.0,999.0,999.0
43123,2900000000,2019061212,74.0,999.0,999.0,27.0,999.0,999.0,999.0,999.0
43124,2900000000,2019061215,72.0,999.0,999.0,25.0,999.0,999.0,999.0,999.0
43125,2900000000,2019061221,62.0,999.0,999.0,17.0,999.0,999.0,999.0,999.0
43126,2900000000,2019061300,61.0,999.0,999.0,16.0,999.0,999.0,999.0,999.0
43127,2900000000,2019061303,61.0,999.0,999.0,16.0,999.0,999.0,999.0,999.0
43128,2900000000,2019061309,76.0,999.0,999.0,28.0,999.0,999.0,999.0,999.0
43129,2900000000,2019061312,75.0,999.0,999.0,28.0,999.0,999.0,999.0,999.0
43130,2900000000,2019061315,73.0,999.0,999.0,25.0,999.0,999.0,999.0,999.0
43131,2900000000,2019061321,66.0,999.0,999.0,19.0,999.0,999.0,999.0,999.0
43132,2900000000,2019061400,64.0,999.0,999.0,18.0,999.0,999.0,999.0,999.0
43133,2900000000,2019061403,64.0,999.0,999.0,18.0,999.0,999.0,999.0,999.0
43134,2900000000,2019061409,70.0,999.0,999.0,22.0,999.0,999.0,999.0,999.0
43135,2900000000,2019061412,71.0,999.0,999.0,23.0,999.0,999.0,999.0,999.0
43136,2900000000,2019061415,70.0,999.0,999.0,22.0,999.0,999.0,999.0,999.0
43137,2900000000,2019061421,66.0,999.0,999.0,19.0,999.0,999.0,999.0,999.0
43138,2900000000,2019061500,62.0,999.0,999.0,17.0,999.0,999.0,999.0,999.0
43139,2900000000,2019061503,61.0,999.0,999.0,16.0,999.0,999.0,999.0,999.0
43140,2900000000,2019061509,72.0,999.0,999.0,24.0,999.0,999.0,999.0,999.0
43141,2900000000,2019061512,73.0,999.0,999.0,25.0,999.0,999.0,999.0,999.0
43142,2900000000,2019061515,69.0,999.0,999.0,22.0,999.0,999.0,999.0,999.0
43143,2900000000,2019061521,62.0,999.0,999.0,17.0,999.0,999.0,999.0,999.0
43144,2900000000,2019061600,61.0,999.0,999.0,16.0,999.0,999.0,999.0,999.0
43145,2900000000,2019061603,61.0,999.0,999.0,16.0,999.0,999.0,999.0,999.0
43146,2900000000,2019061609,73.0,999.0,999.0,25.0,999.0,999.0,999.0,999.0
43147,2900000000,2019061612,74.0,999.0,999.0,26.0,999.0,999.0,999.0,999.0
43148,2900000000,2019061615,72.0,999.0,999.0,24.0,999.0,999.0,999.0,999.0
43149,2900000000,2019061621,64.0,999.0,999.0,18.0,999.0,999.0,999.0,999.0
